/*
SQLyog Community v11.31 (32 bit)
MySQL - 5.1.41 : Database - ar_tugas_tki
*********************************************************************
*/

/*!40101 SET NAMES utf8 */;

/*!40101 SET SQL_MODE=''*/;

/*!40014 SET @OLD_UNIQUE_CHECKS=@@UNIQUE_CHECKS, UNIQUE_CHECKS=0 */;
/*!40014 SET @OLD_FOREIGN_KEY_CHECKS=@@FOREIGN_KEY_CHECKS, FOREIGN_KEY_CHECKS=0 */;
/*!40101 SET @OLD_SQL_MODE=@@SQL_MODE, SQL_MODE='NO_AUTO_VALUE_ON_ZERO' */;
/*!40111 SET @OLD_SQL_NOTES=@@SQL_NOTES, SQL_NOTES=0 */;
CREATE DATABASE /*!32312 IF NOT EXISTS*/`ar_tugas_tki` /*!40100 DEFAULT CHARACTER SET latin1 */;

USE `ar_tugas_tki`;

/*Table structure for table `document` */

DROP TABLE IF EXISTS `document`;

CREATE TABLE `document` (
  `id` int(11) NOT NULL AUTO_INCREMENT,
  `author` varchar(255) DEFAULT NULL,
  `title` varchar(255) DEFAULT NULL,
  `content` text,
  `published` varchar(255) DEFAULT NULL,
  `url` text,
  PRIMARY KEY (`id`)
) ENGINE=InnoDB AUTO_INCREMENT=169 DEFAULT CHARSET=latin1;

/*Data for the table `document` */

insert  into `document`(`id`,`author`,`title`,`content`,`published`,`url`) values (159,'Oik Yusuf','BBM Lebih Laku di Android atau iOS?','KOMPAS.com ? Aplikasi pesan instan populer BlackBerry Messenger (BBM) telah tersedia di iOS dan Android sejak 22 Oktober lalu. Di antara dua platform yang merupakan pesaing langsung BlackBerry tersebut, mana yang penggunanya paling gandrung dengan BBM?\n\n		Jawaban dari pertanyaan itu mungkin tecermin lewat tingkat popularitas BBM di toko aplikasi masing-masing platform. Dalam hal ini, sebagaimana diamati oleh BGR, ternyata BBM secara konsisten memiliki ranking lebih tinggi di Apple App Store ketimbang Google Play Store.\n\n		Aplikasi chatting BlackBerry tersebut bercokol di urutan 5 besar top download App Store di 50 negara. Sementara itu, BBM versi Android hanya masuk 10 besar daftar unduhan terpopuler di Indonesia, Afrika Selatan, Uni Emirat Arab, dan Arab Saudi.\n\n		Apakah ini berarti tingkat penerimaan BBM di iOS lebih tinggi ketimbang Android? Boleh jadi. Jika benar begitu, lalu apa penyebabnya?\n\n		BGR membandingkan tren download BlackBerry dengan Kik, sebuah layanan pesan instan lain yang memiliki jumlah pengguna yang sebanding dengan BBM dan sama-sama berbasis di Waterloo, Kanada.\n\n		Kik secara spesifik menyasar segmen pengguna remaja. Tren download aplikasi ini ditemukan bertolak belakang dibandingkan dengan BBM, yaitu lebih populer di platform Android ketimbang iOS.\n\n		Kik, misalnya, duduk di urutan ke-38 terpopuler di App Store Amerika Serikat, tetapi mampu menembus ranking 11 di toko Google PlayStore negara yang sama. Hal serupa juga berlaku di beberapa negara lain, seperti Finlandia, Inggris, Kanada, dan Kuwait.\n\n		Ada kemungkinan menarik bahwa BlackBerry yang menyasar target audience profesional dewasa lebih populer di iOS karena demografi itu memang lebih banyak ditemukan di platform tersebut. BBM telah lama digunakan oleh kalangan korporat, mereka yang telah beralih ke iPhone bisa turut membawa aplikasi chatting tersebut.\n\n		Lalu, apakah ini berarti iPhone lebih banyak dipakai untuk kegiatan bisnis dan profesional dibandingkan Android? Untuk sekarang, hal tersebut masih sulit untuk diketahui. Yang jelas, sejauh ini BBM tampaknya memang disambut lebih hangat di platform iOS ketimbang Android.','1012325463','http://tekno.kompas.com/read/2013/11/28/0824234/BBM.Lebih.Laku.di.Android.atau.iOS.'),(160,'Laksono Hari Wiwoho','Smartfren Kecipratan Rezeki BBM','MAKAU, KOMPAS.com - Kehadiran aplikasi BlackBerry Messengger (BBM) di ponsel Android mendongkrak penggunaan ponsel Andromax dari Smartfren, khususnya di harga kurang dari Rp 1 juta. Ini menjadi pasar empuk bagi Smartfren di masa datang.\n\n		Head of Marketing dan Communication PT Smartfren Telecom (Smartfren) Roberto Saputra mengatakan, meski penjualan Blackberry berbasis jaringan CDMA mengalami penurunan hingga 50 persen, tetapi penggunaan aplikasi BlackBerry Messenger mengalami peningkatan dua kali lipat. Hal itu disebabkan oleh ketersediaan aplikasi BBM di perangkat Android, termasuk handset Andromax.\n\n		\"Kenaikannya ada di Andromax kelas entry level dengan harga kurang dari Rp 1 juta. Dari sebelumnya sebanyak 2.000 (aktivasi BBM), sekarang menjadi 5.000 per hari,\" kata Roberto di sela-sela kunjungan bersama wartawan di China, Jumat (15/11/2013).\n\n		Melihat tren peningkatan itu, Roberto optimistis bahwa penjualan Andromax di bawah harga Rp 1 juta akan mengalami kenaikan pada tahun depan. Hal itu antara lain didorong oleh stagnansi pasar smartphone di kisaran harga Rp 7 juta.\n\n		Sementara itu, persaingan ketat terjadi di kelas Rp 3 juta-Rp 4 juta. Tahun ini Smartfren menargetkan penjualan bundel handset Andromax sebanyak 1,3 juta. Roberto mengatakan, tahun depan target tersebut digandakan dua kali lipat.\n\n		\"Sekarang kontribusi Andromax entry level 50 persen dari penjualan. Tahun depan kontribusinya bisa mencapai 80 persen,\" ujar Roberto.\n\n		Saat ini ponsel Andromax C menjadi produk andalan Smartfren di kelas entry level. Ponsel buatan Hisense itu dibanderol sekitar Rp 700.000, menggunakan prosesor dual core dan sistem operasi Android seri Jelly Bean.\n\n		Akhir tahun ini Smartfren akan kembali mendatangkan satu varian baru Andromax entry level dengan harga di bawah Rp 1 juta.','1012325463','http://tekno.kompas.com/read/2013/11/15/1229480/Smartfren.Kecipratan.Rezeki.BBM'),(161,'Reska K. Nistanto','Besok, BBM Hadir di iPad WiFi dan iPod touch','KOMPAS.com - Setelah tersedia untuk iPhone, BlackBerry Messenger (BBM) dikabarkan akan menyambangi perangkat berbasis iOS lainnya. Kurang dari 24 jam mendatang layanan BBM dijanjikan akan hadir di iPad dan iPod touch.\n\n		Kepala Divisi Layanan BBM, Andrew Bocking mengungkapkan kepada situs SlashGear, mulai besok, Jumat (15/10/2013), BBM akan tersedia untuk iPad versi Wi-Fi dan iPod touch. \n\n		Artinya, kini pengguna perangkat Apple yang hanya mendukung jaringan Wi-Fi, tanpa memiliki koneksi 3G, bisa ngobrol dengan kontak BBM-nya.\n\n		Menurut Bocking, salah satu keunggulan BBM adalah tidak terikat oleh nomor telepon, tidak seperti pesaingnya, WhatsApp. Keunggulan inilah membuat pemilik perangkat iOS tanpa dukungan jaringan 3G, seperti iPad versi Wi-Fi dan iPod touch juga bisa memakai BBM.\n\n		Namun, Bocking mengakui saat ini BlackBerry belum mengembangkan aplikasi BBM yang dirancang khusus (native) untuk iPad. Jadi, BBM untuk iPad masih \"meminjam\" aplikasi BBM iPhone.\n\n		BlackBerry masih mengevaluasi penggunaan aplikasi chat populer ini pada perangkat berlayar lebar. Jika dinilai menguntungkan, tak menutup kemungkinan kelak BlackBerry akan membuatnya.\n\n		BlackBerry telah meluncurkan BBM untuk Android dan iPhone pada Senin (21/10/2013). Aplikasi resmi BBM lintas platform tersebut dapat diunduh dari tautan ini untuk pengguna Android dan tautan ini untuk pengguna iPhone.\n\n		Kehadiran layanan BBM untuk iPhone dan Android menarik banyak perhatian. Mulai dari molornya tanggal peluncuran, beredarnya aplikasi tiruan, hingga pengguna yang harus \"mengantre\" untuk menikmati layanan ini setelah mengunduh aplikasi.\n\n		Walau demikian, hal tersebut tak menghambat 10 juta orang yang meng-install BBM di hari pertama peluncurannya.\n\n		Selain di perangkat iOS, aplikasi BBM bisa berjalan di perangkat Android merek apapun asalkan telah menggunakan Android 4.0 ke atas (Ice Cream Sandwich dan Jelly Bean).\n\n		Pengguna perangkat iOS dan Android dapat memanfaatkan BBM untuk mengirim pesan teks, foto, voice note, serta membuat grup diskusi berisi 30 kontak.','1012325463','http://tekno.kompas.com/read/2013/11/14/1826257/Besok.BBM.Hadir.di.iPad.WiFi.dan.iPod.touch'),(162,'Reza Wahyudi','BlackBerry Bantah BBM Mati Malam Ini','KOMPAS.com ? Fitur Broadcast Message di aplikasi BlackBerry Messenger (BBM) kembali disalahgunakan untuk penyebaran berita palsu (hoax). Kali ini yang kena getahnya justru penyedia layanan tersebut, BlackBerry.\n\n		Pesan palsu yang beredar sejak Senin (28/10/2013) itu menebarkan ancaman bahwa layanan BBM akan dimatikan (shutdown) pada pukul 12.00 malam ini.\n\n		Ancaman lain, semua kontak BBM akan hilang jika pengguna tidak ikut menyebarkan pesan tersebut ke seluruh daftar kontaknya. Tak hanya itu, \"hukuman\" mengabaikan pesan palsu tersebut adalah akun BlackBerry ID dan nomor PIN pengguna akan dihapus dalam 48 jam ke depan.\n\n		Jika dibaca sekilas, maka pesan tersebut tampak meyakinkan. Namun, ada beberapa kejanggalan dari pesan yang sebelumnya sudah beredar saat peluncuran BBM lintas platform beberapa waktu lalu.\n\n		Kejanggalannya, selain salah menggunakan nama RIM (seharusnya BlackBerry), sang pembuat hoax pun salah soal nama CEO BlackBerry saat ini. Yang benar adalah Thorsten Heins, bukan Jim Balsamic.\n\n		Yang menarik, nama Jim Balsamic pernah \"menjabat\" sebagai CEO WhatsApp di pesan palsu yang beredar beberapa waktu lalu (baca: \"Awas, CEO WhatsApp Jadi-jadian Tebar Ancaman\"). Bisa jadi penyebar hoax WhatsApp ini adalah orang yang sama dengan penyebar isu bahwa BBM akan \"shutdown\" ini.\n\n		Ini isi lengkap pesan palsu tersebut, seperti KompasTekno kutip dari BlackBerryOS, \"Bbm is shutting down at 12.00 Oclock tonight if you don\'t broadcast this you\'ll your contact. Message from Jim Balsamic (CEO of RIM. Blackberry) we have had an over usage of user names on Blackberry Messenger. We are requesting all users to forward this message to their entire contact list. If you do not forward this message, we will take it as your account is invalid and it will deleted within the next 48 hours. Please DO NOT ignore this message or blackberry will no longer recognise your pin. If you wish to re-activate your account after it has been deleted, a charge of 25.00 will be added.\n\n		Jika Anda menerima pesan di atas melalui BBM, abaikan, jangan disebarluaskan, dan langsung hapus saja.\n\n		BlackBerry pun sudah membantah isu BlackBerry Messenger tersebut. \"HOAX ALERT: #BBM will NOT shut down at midnight. But hey, look how great Broadcast Messaging works,\" tulis BlackBerry dalam akun Twitter resmi @BBM, Selasa (29/10/2013).\n\n		Atas hoax ini, BlackBerry justru mengatakan, betapa andalnya fitur broadcast message (BC) untuk penyebaran informasi dengan cepat dan masif.\n\n		Seperti diketahui, BlackBerry telah meluncurkan kembali aplikasi BBM untuk iPhone dan Android pada Selasa (22/10/2013). Dalam sehari, aplikasi BBM lintas platform telah diunduh sebanyak 10 juta kali.\n\n		Dengan membengkaknya jumlah pengguna BBM, hal itu sudah pasti akan \"membantu\" penyebaran kabar palsu di atas. Sepertinya inilah alasan BlackBerry begitu cepat menanggapinya. Hal yang tak biasa dilakukan BlackBerry di masa lalu.','1012325463','http://tekno.kompas.com/read/2013/10/29/1537537/BlackBerry.Bantah.BBM.Mati.Malam.Ini'),(163,'Oik Yusuf','Tukar PIN BBM Marak di Instagram','KOMPAS.com ? Para pengguna BlackBerry Messenger (BBM) di Android dan iPhone menemukan metode baru berbagi personal identification number (PIN) Caranya adalah dengan mem-posting gambar berisi nomer PIN atau QR Code ke Instagram.\n\n		PIN di sini diperlukan untuk menambah seseorang ke daftar kontak aplikasi pesan instan tersebut. Fungsinya mirip dengan nomor telepon pada WhatsApp.\n\n		Fenomena ini antara lain diangkat ke permukaan oleh CrackBerry. Ketika mencoba mencari dengan tagar #BBM di Instagram minggu lalu, situs tersebut menemukan bahwa jumlahnya sekitar 600.000 posting.\n\n		Mayoritas kode PIN yang termuat dalam ratusan ribu posting gambar itu dimulai dengan angka \"7\" yang banyak dialokasikan bagi pengguna BBM di iOS dan Android. Pada Minggu (27/10/2013), jumlah posting #BBM naik hampir 1 juta.\n\n		Sejak kali pertama diluncurkan pada 22 Oktober lalu, jumlah peminat yang mengunduh aplikasi BBM untuk iPhone dan Android memang membeludak. Dalam tempo 24 jam saja, instant messenger tersebut di-download 10 juta kali dan dengan cepat mendaki tangga judul terpopuler di toko aplikasi tiap-tiap platform.\n\n		Ironisnya, platform BlackBerry 10 belum memiliki akses ke Instagram. Aplikasi yang bersangkutan memang belum tersedia di toko aplikasi BlackBerry World. Kecil pula kemungkinan pengguna handset BlackBerry bisa ikut meramaikan \"pesta PIN\" di Instagram secara langsung.\n\n		Belum diketahui kapan Instagram akan hadir di BlackBerry. Vice President Developer Relation BlackBerry Alec Saunders pada gelaran BlackBerry Jam Asia akhir September 2013 hanya mengatakan bahwa aplikasi tersebut \"belum akan datang ke BlackBerry 10 dalam waktu dekat.\"','1012325463','http://tekno.kompas.com/read/2013/10/28/0815498/Tukar.PIN.BBM.Marak.di.Instagram'),(164,'Oik Yusuf','NSA Juga Mata-matai \"Game Online\", Untuk Apa?','KOMPAS.com - Tak cuma sambungan telepon dan internet, dinas intelijen AS National Security Agency (NSA) ternyata juga memata-matai game multiplayer online populer. Hal tersebut terungkap lewat sejumlah dokumen rahasia yang diperoleh The Guardian dari mantan kontraktor NSA, Edward Snowden.\n\n		Badan rahasia itu disebut telah menginfiltrasi jaringan Xbox Live yang memiliki lebih dari 48 juta pemain. Agen-agen NSA juga menyamarkan diri menjadi pemain dalam game Massive Multiplayer Online Role Playing Game (MMORPG) World of Warcraft dan Second Life. Ada pula usaha untuk merekrut informan dari kalangan gamer.\n\n		Personel dari dinas pemerintah lain, seperti FBI dan CIA juga ikut memata-matai game online. Karena banyaknya agen pemerintah NSA, memberikan petunjuk agar mereka tak salah saling memata-matai antara satu dan yang lainnya.\n\n		Untuk apa NSA memasuki dunia game online? Tujuannya tak jauh-jauh dari mencari teroris. Dokumen NSA yang ditulis pada 2008 itu menyebut komunitas gaming sebagai \"jaringan komunikasi di mana banyak \'target\' intelejen bisa menyembunyikan diri\".\n\n		Di samping orang yang aktif terlibat di organisasi terorisme, \"target\" lain termasuk ilmuwan nuklir Iran, hacker China, serta anggota Hizbullah, dan Hamas.\n\n		Game online dicurigai sebagai medium yang dipakai para \"target untuk berkomunikasi dan mencuci uang lewat ekonomi game.\n\n		NSA kemudian berusaha memperoleh informasi tentang profil pemain di belakang karakter yang dicurigai di dunia game, seperti foto, lokasi, dan rekaman percakapan. Digabungkan dengan data dari medium sosial lain seperti Facebook dan Twitter, serta jejaring lainnya, NSA bisa memperoleh profil komprehensif mengenai interaksi sosial yang dilakukan oleh seorang \"target\".\n\n		Dokumen NSA tidak menyebutkan apabila kegiatan mata-mata tersebut pernah mengungkap aktivitas terorisme di dunia game seperti yang dicurigai sebelumnya. Tak ada bukti pula bahwa teroris benar-benar memakai game online sebagai medium komunikasi. Tapi badan rahasia ini pernah memberangus sebuah situs yang dipakai untuk menjual kartu kredit curian, berdasarkan hasil intelejensi di dunia game.\n\n		Penyusupan NSA ke dunia game online dilakukan tanpa permisi. Juru bicara Blizzard, pengembang World of Warcraft,  mengatakan bahwa pihaknya tak tahu menahu tentang kegiatan mata-mata di dalam gamenya. \"Kalaupun ada, itu dilakukan tanpa sepengetahuan atau seizin kami.\"','1012325463','http://tekno.kompas.com/read/2013/12/10/1625432/NSA.Juga.Mata-matai.Game.Online.Untuk.Apa.'),(165,'Oik Yusuf','Sadap 5 Miliar Ponsel Sehari, NSA Tahu Segalanya','KOMPAS.com - Bak aksi agen-agen rahasia dalan film Hollywood, dinas intelijen AS National Security Agency (NSA) menyadap hampir lima miliar ponsel di seluruh dunia setiap harinya.\n\n		Hal tersebut diungkapkan oleh serangkaian dokumen dan wawancara dengan personel intelijen AS yang dituangkan dalam laporan The Washington Post.\n\n		Dengan menyadap miliaran ponsel itu, NSA bisa mengetahui segala yang diinginkannya. NSA mampu memetakan pergerakan tiap-tiap pengguna dan mencari tahu hubungan apa yang ada di antara para individu.\n\n		Dengan memantau wilayah-wilayah cakupan menara base transceiver station (BTS) yang terkoneksi dengan sinyal telepon, NSA bisa menelusuri lokasi sebuah ponsel, bahkan ketika fitur GPS sedang dimatikan dan pengguna tidak sedang menelepon atau berkirim pesan singkat.\n\n		Teknik matematika canggih kemudian mengungkap hubungan antar pengguna ponsel dengan mengkorelasikan pola pergerakan dari waktu ke waktu dan jutaan orang lain yang bersinggungan jalan dengan mereka.  \n\n		Data dari hasil penyadapan ini kemudian disimpan dalam database raksasa berisi informasi lokasi dari \"ratusan juta perangkat\", berdasarkan keterangan dari personel terkait dan dokumen yang dibocorkan mantan kontraktor NSA, Edward Snowden.\n\n		Disebutkan bahwa NSA tidak secara spesifik menarget ponsel milik warga negara AS sendiri, tapi informasi lokasi perangkat-perangkat tersebut tetap turut terlacak secara \"tidak sengaja\".\n\n		Seorang manajer senior yang namanya dirahasiakan menungkapkan bahwa NSA memperoleh data lokasi berjumlah sangat besar dengan menyadap jaringan kabel seluler yang tersebar di seluruh dunia.\n\n		Sebelumnya, NSA pernah dilaporkan menyadap telepon 60 juta warga Spanyol dan 35 pemimpin negara di seluruh dunia, termasuk Presiden Indonesia.','1012325463','http://tekno.kompas.com/read/2013/12/09/1230454/Sadap.5.Miliar.Ponsel.Sehari.NSA.Tahu.Segalanya'),(166,'Heru Sri Kumoro','Dirut PLN Mengundurkan Diri','JAKARTA, KOMPAS - Direktur Utama PT Perusahaan Listrik Negara (Persero) Nur Pamudji mengajukan permohonan mundur dari jabatannya terkait dengan pemeriksaan kasus dugaan korupsi yang kini dalam penanganan Kejaksaan Agung.\n\n		Menteri Badan Usaha Milik Negara Dahlan Iskan membenarkan permohonan mundur Nur Pamudji ini.Nur yang ditemui seusai menghadiri rapat di Kementerian Energi dan Sumber Daya Mineral, Jakarta, Jumat (6/12/2013) malam, kepada wartawan membenarkan dirinya mengundurkan diri untuk digantikan dirut baru yang piawai.\n\n		Menurut Nur, pada 12 November 2013, ia mengirimkan pesan pendek kepada Menteri BUMN Dahlan Iskan. \"Saya melaporkan, kalau ada pegawai PLN yang nyolong, terima suap, korupsi, saya sendiri yang akan memborgolnya. Namun, pegawai yang bekerja baik dan profesional harus bisa kerja dengan tenang,\" katanya.\n\n		\"Saya ikhlas mundur untuk digantikan dirut baru yang piawai tersebut agar para profesional di PLN bisa bekerja dengan tenang,\" kata dia.\n\n		Menteri BUMN Dahlan Iskan membenarkan pengajuan pengunduran diri Nur Pamudji sekitar tiga minggu lalu. Pengunduran diri itu terkait dengan pemeriksaan oleh Kejaksaan Agung untuk kasus dugaan korupsi pengadaan flame turbin pada 12 pembangkit listrik dan gas sektor Belawan 2007-2009 senilai Rp 23,98 miliar.\n\n		\"Saya sudah laporkan pengunduran diri ini kepada Presiden dan beliau meminta masalah ini segera diselesaikan,\" kata Dahlan, seperti dikutip Antara.\n\n		Menurut Dahlan, dirinya meminta Nur Pamudji tetap tenang menghadapi masalah itu. Dahlan menilai Nur Pamudji merupakan orang yang paling jujur.\n\n		Kejaksaan Agung telah menetapkan lima tersangka dalam kasus ini. Mereka adalah mantan General Manager PT PLN Pembangkitan Sumatera Bagian Utara Albert Pangaribuan, Manajer Bidang Perencanaan PLN Edward Silitonga, Ketua Panitia Pemeriksa Mutu Barang PLN Ferdinand Ritonga, Manajer Produksi PLN Fahmi Rizal Lubis, dan Ketua Panitia Lelang PLN Robert Manyuazar.\n\n		Dahlan menjelaskan, persoalan muncul ketika PLN harus mengganti sejumlah onderdil yang sudah waktunya walaupun pembangkit belum dibuka.\n\n		\"Ketika pembangkit dibuka, ternyata ada onderdil lain yang harus diganti. Penggantian dilakukan sesuai dengan SOP dan semua ditenderkan. Jika tidak diganti, ada potensi pembangkit mati di tengah jalan sehingga akan terjadi pemadaman listrik,\" ujar Dahlan.','1012325463','http://bisniskeuangan.kompas.com/read/2013/12/07/0559292/Dirut.PLN.Mengundurkan.Diri'),(167,'Erlangga Djumena','Melemah, Rupiah Kembali Dekati Level Rp 12.000 Per Dollar AS','JAKARTA, KOMPAS.com ? Nilai tukar rupiah di pasar spot kembali melemah. Pada pukul 10.01 WIB, Selasa (10/12/2013), rupiah terperosok 0,13 persen menjadi Rp 11.990 per dollar Amerika Serikat (AS) atau mendekati Rp 12.000 per dollar AS.\n\n		Kemarin, rupiah bertengger di posisi Rp 11.974 per dollar AS, atau melemah tipis 0,08 persen dari sehari sebelumnya. Sementara itu, kurs tengah Bank Indonesia (BI) posisi kemarin ada di level Rp 11.956 per dollar AS atau menguat 0,03 persen dari hari sebelumnya.\n\n		Sebelumnya, Rully Arya Wisnubroto, analis pasar uang Bank Mandiri, mengatakan, tekanan rupiah datang dari data tenaga kerja Amerika Serikat (AS) yang membaik sehingga membuat dollar AS menguat.\n\n		Pasar khawatir, membaiknya data ekonomi AS tersebut akan mempercepat pengurangan stimulus moneter AS.\n\n		Rully memperkirakan, hari ini rupiah kembali bergerak stabil cenderung lemah. Aksi tunggu pasar terhadap hasil Rapat Dewan Gubernur BI, 12 Desember, dan perkembangan terbaru soal kelanjutan program stimulus AS akan menekan rupiah. (Asnil Bambani Amri)','1012325463','http://bisniskeuangan.kompas.com/read/2013/12/10/1052116/Melemah.Rupiah.Kembali.Dekati.Level.Rp.12.000.Per.Dollar.AS'),(168,'Erlangga Djumena','Rupiah Menguat Usai Pemilu 2014','BANDUNG, KOMPAS.com - Bank Indonesia (BI) memprediksi mata uang rupiah akan menguat terhadap dollar AS tahun depan saat pemilu nanti. Hal itu disebabkan dengan adanya pergantian pemimpin negara yang baru, membuat sentimen positif di dalam kurs mata uang.\n\n		\"Kalau sudah ada kepala negara baru maka rupiah kita mengalami perbaikan dengan baik,\" ujar Direktur Eksekutif Department Komunikasi BI, Difi Johansyah dalam pelatihan ekonomi dan perbankan Sabtu (7/12/2013).\n\n		Difi menjelaskan penguatan rupiah tersebut sudah menjadi tren dari nilai tukar rupiah setiap tahun politik diadakan. Hal itu juga disusul pertumbuhan ekonomi yang meningkat di tahun pemilu mendatang.\n\n		\"Setiap menjelang pemilu atau setelah pemilihan umum (Pemilu), maka nilai tukar kita akan menguat,\" jelas Difi Johansyah\n\n		Dengan kondisi memanas di tahun politik, nilai tukar rupiah akan kembali stabil di tengah dampak ekonomi nasional yang kini tengah bergejolak. Namun pihak BI akan terus memantau pasar melihat perkembangan trend setelah pemilu selesai.\n\n		Menurut BI, potensi rupiah melemah bisa terjadi kembali di tahun politik. Hal ini dilihat dari faktor Internal dan eksternal. (Adiatmaputra Fajar Pratama)','1012325463','http://bisniskeuangan.kompas.com/read/2013/12/07/1639480/Rupiah.Menguat.Usai.Pemilu.2014');

/*Table structure for table `document_freq` */

DROP TABLE IF EXISTS `document_freq`;

CREATE TABLE `document_freq` (
  `id` int(11) NOT NULL AUTO_INCREMENT,
  `id_document` int(11) DEFAULT NULL,
  `id_document_freq_type` int(11) DEFAULT NULL,
  `id_term` int(11) DEFAULT NULL,
  `weight` double DEFAULT NULL,
  PRIMARY KEY (`id`),
  KEY `fk_document` (`id_document`),
  KEY `fk_document_freq_type` (`id_document_freq_type`),
  KEY `fk_term` (`id_term`),
  CONSTRAINT `fk_document` FOREIGN KEY (`id_document`) REFERENCES `document` (`id`) ON DELETE CASCADE ON UPDATE CASCADE,
  CONSTRAINT `fk_document_freq_type` FOREIGN KEY (`id_document_freq_type`) REFERENCES `document_freq_type` (`id`) ON DELETE CASCADE ON UPDATE CASCADE,
  CONSTRAINT `fk_term` FOREIGN KEY (`id_term`) REFERENCES `term` (`id`) ON DELETE CASCADE ON UPDATE CASCADE
) ENGINE=InnoDB AUTO_INCREMENT=136681 DEFAULT CHARSET=latin1;

/*Data for the table `document_freq` */

insert  into `document_freq`(`id`,`id_document`,`id_document_freq_type`,`id_term`,`weight`) values (133041,159,1,22170,1),(133042,159,1,22171,1),(133043,159,1,22172,5),(133044,159,1,22173,2),(133045,159,1,22174,2),(133046,159,1,22175,3),(133047,159,1,22176,5),(133048,159,1,22177,1),(133049,159,1,22178,1),(133050,159,1,22179,3),(133051,159,1,22180,1),(133052,159,1,22181,17),(133053,159,1,22182,4),(133054,159,1,22183,5),(133055,159,1,22184,3),(133056,159,1,22185,1),(133057,159,1,22186,1),(133058,159,1,22187,1),(133059,159,1,22188,1),(133060,159,1,22189,1),(133061,159,1,22190,1),(133062,159,1,22191,4),(133063,159,1,22192,8),(133064,159,1,22193,1),(133065,159,1,22194,1),(133066,159,1,22195,1),(133067,159,1,22196,1),(133068,159,1,22197,1),(133069,159,1,22198,1),(133070,159,1,22199,1),(133071,159,1,22200,1),(133072,159,1,22201,4),(133073,159,1,22202,1),(133074,159,1,22203,1),(133075,159,1,22204,1),(133076,159,1,22205,1),(133077,159,1,22206,2),(133078,159,1,22207,1),(133079,159,1,22208,1),(133080,159,1,22209,1),(133081,159,1,22210,2),(133082,159,1,22211,1),(133083,159,1,22212,7),(133084,159,1,22213,2),(133085,159,1,22214,1),(133086,159,1,22215,1),(133087,159,1,22216,1),(133088,159,1,22217,3),(133089,159,1,22218,1),(133090,159,1,22219,1),(133091,159,1,22220,1),(133092,159,1,22221,2),(133093,159,1,22222,1),(133094,159,1,22223,1),(133095,159,1,22224,2),(133096,159,1,22225,1),(133097,159,1,22226,2),(133098,159,1,22227,2),(133099,159,1,22228,7),(133100,159,1,22229,2),(133101,159,1,22230,1),(133102,159,1,22231,3),(133103,159,1,22232,3),(133104,159,1,22233,4),(133105,159,1,22234,2),(133106,159,1,22235,1),(133107,159,1,22236,1),(133108,159,1,22237,2),(133109,159,1,22238,2),(133110,159,1,22239,1),(133111,159,1,22240,2),(133112,159,1,22241,1),(133113,159,1,22242,2),(133114,159,1,22243,1),(133115,159,1,22244,3),(133116,159,1,22245,1),(133117,159,1,22246,1),(133118,159,1,22247,1),(133119,159,1,22248,1),(133120,159,1,22249,1),(133121,159,1,22250,1),(133122,159,1,22251,1),(133123,159,1,22252,1),(133124,159,1,22253,1),(133125,159,1,22254,1),(133126,159,1,22255,2),(133127,159,1,22256,1),(133128,159,1,22257,1),(133129,159,1,22258,1),(133130,159,1,22259,1),(133131,159,1,22260,1),(133132,159,1,22261,1),(133133,159,1,22262,1),(133134,159,1,22263,1),(133135,159,1,22264,2),(133136,159,1,22265,4),(133137,159,1,22266,2),(133138,159,1,22267,1),(133139,159,1,22268,2),(133140,159,1,22269,1),(133141,159,1,22270,1),(133142,159,1,22271,1),(133143,159,1,22272,1),(133144,159,1,22273,1),(133145,159,1,22274,1),(133146,159,1,22275,1),(133147,159,1,22276,1),(133148,159,1,22277,1),(133149,159,1,22278,1),(133150,159,1,22279,2),(133151,159,1,22280,2),(133152,159,1,22281,1),(133153,159,1,22282,1),(133154,159,1,22283,1),(133155,159,1,22284,1),(133156,159,1,22285,2),(133157,159,1,22286,1),(133158,159,1,22287,1),(133159,159,1,22288,1),(133160,159,1,22289,1),(133161,159,1,22290,1),(133162,159,1,22291,1),(133163,159,1,22292,1),(133164,159,1,22293,2),(133165,159,1,22294,1),(133166,159,1,22295,1),(133167,159,1,22296,2),(133168,159,1,22297,1),(133169,159,1,22298,1),(133170,159,1,22299,2),(133171,159,1,22300,1),(133172,159,1,22301,1),(133173,159,1,22302,1),(133174,159,1,22303,1),(133175,159,1,22304,1),(133176,159,1,22305,1),(133177,159,1,22306,1),(133178,159,1,22307,1),(133179,159,1,22308,1),(133180,159,1,22309,1),(133181,159,1,22310,1),(133182,159,1,22311,1),(133183,159,1,22312,1),(133184,159,1,22313,2),(133185,159,1,22314,1),(133186,159,1,22315,1),(133187,159,1,22316,1),(133188,159,1,22317,1),(133189,159,1,22318,1),(133190,159,1,22319,1),(133191,159,1,22320,1),(133192,159,1,22321,1),(133193,159,1,22322,1),(133194,159,1,22323,1),(133195,159,1,22324,1),(133196,159,1,22325,1),(133197,159,1,22326,1),(133198,159,1,22327,1),(133199,159,1,22328,1),(133200,159,1,22329,1),(133201,159,1,22330,1),(133202,159,1,22331,2),(133203,159,1,22332,1),(133204,159,1,22333,1),(133205,159,1,22334,1),(133206,159,1,22335,2),(133207,159,1,22336,2),(133208,159,1,22337,2),(133209,159,1,22338,1),(133210,159,1,22339,1),(133211,159,1,22340,1),(133212,159,1,22341,1),(133213,159,1,22342,1),(133214,159,1,22343,1),(133215,159,1,22344,1),(133216,159,1,22345,2),(133217,159,1,22346,1),(133218,159,1,22347,1),(133219,159,1,22348,1),(133220,159,1,22349,1),(133221,159,1,22350,1),(133222,159,1,22351,3),(133223,159,1,22352,1),(133224,159,1,22353,1),(133225,159,1,22354,1),(133226,159,1,22355,1),(133227,159,1,22356,1),(133228,159,1,22357,1),(133229,159,1,22358,1),(133230,159,1,22359,1),(133231,159,1,22360,1),(133232,159,1,22361,1),(133233,159,1,22362,1),(133234,159,1,22363,1),(133235,160,1,22364,1),(133236,160,1,22170,1),(133237,160,1,22365,1),(133238,160,1,22366,1),(133239,160,1,22172,3),(133240,160,1,22176,3),(133241,160,1,22367,1),(133242,160,1,22178,1),(133243,160,1,22181,12),(133244,160,1,22368,4),(133245,160,1,22184,2),(133246,160,1,22369,1),(133247,160,1,22370,2),(133248,160,1,22371,7),(133249,160,1,22204,5),(133250,160,1,22372,1),(133251,160,1,22373,1),(133252,160,1,22374,5),(133253,160,1,22375,2),(133254,160,1,22376,7),(133255,160,1,22377,4),(133256,160,1,22378,6),(133257,160,1,22265,4),(133258,160,1,22379,3),(133259,160,1,22380,2),(133260,160,1,22381,1),(133261,160,1,22382,1),(133262,160,1,22383,5),(133263,160,1,22384,1),(133264,160,1,22385,1),(133265,160,1,22386,1),(133266,160,1,22387,1),(133267,160,1,22388,1),(133268,160,1,22183,2),(133269,160,1,22389,1),(133270,160,1,22390,1),(133271,160,1,22391,1),(133272,160,1,22392,1),(133273,160,1,22393,4),(133274,160,1,22394,1),(133275,160,1,22395,2),(133276,160,1,22396,1),(133277,160,1,22397,3),(133278,160,1,22288,1),(133279,160,1,22398,1),(133280,160,1,22399,1),(133281,160,1,22400,3),(133282,160,1,22401,1),(133283,160,1,22402,1),(133284,160,1,22245,2),(133285,160,1,22403,1),(133286,160,1,22308,1),(133287,160,1,22177,1),(133288,160,1,22404,2),(133289,160,1,22190,2),(133290,160,1,22405,2),(133291,160,1,22406,2),(133292,160,1,22217,2),(133293,160,1,22206,3),(133294,160,1,22407,1),(133295,160,1,22221,2),(133296,160,1,22408,1),(133297,160,1,22212,1),(133298,160,1,22409,1),(133299,160,1,22410,1),(133300,160,1,22411,1),(133301,160,1,22412,2),(133302,160,1,22413,1),(133303,160,1,22414,1),(133304,160,1,22325,1),(133305,160,1,22415,3),(133306,160,1,22416,4),(133307,160,1,22417,3),(133308,160,1,22201,2),(133309,160,1,22418,1),(133310,160,1,22419,2),(133311,160,1,22420,1),(133312,160,1,22421,1),(133313,160,1,22422,1),(133314,160,1,22423,1),(133315,160,1,22424,1),(133316,160,1,22425,1),(133317,160,1,22426,1),(133318,160,1,22427,1),(133319,160,1,22428,1),(133320,160,1,22429,1),(133321,160,1,22430,1),(133322,160,1,22431,1),(133323,160,1,22432,1),(133324,160,1,22433,1),(133325,160,1,22434,1),(133326,160,1,22435,1),(133327,160,1,22279,1),(133328,160,1,22248,2),(133329,160,1,22436,1),(133330,160,1,22328,1),(133331,160,1,22437,2),(133332,160,1,22438,1),(133333,160,1,22439,2),(133334,160,1,22440,1),(133335,160,1,22441,1),(133336,160,1,22442,5),(133337,160,1,22443,1),(133338,160,1,22189,1),(133339,160,1,22283,1),(133340,160,1,22444,1),(133341,160,1,22445,1),(133342,160,1,22446,1),(133343,160,1,22447,1),(133344,160,1,22448,1),(133345,160,1,22247,1),(133346,160,1,22449,1),(133347,160,1,22450,1),(133348,160,1,22451,1),(133349,160,1,22452,1),(133350,160,1,22453,1),(133351,160,1,22454,1),(133352,160,1,22455,1),(133353,160,1,22456,1),(133354,160,1,22457,1),(133355,160,1,22458,2),(133356,160,1,22329,1),(133357,160,1,22238,1),(133358,160,1,22459,1),(133359,160,1,22460,1),(133360,160,1,22461,1),(133361,160,1,22462,1),(133362,160,1,22463,1),(133363,160,1,22464,1),(133364,160,1,22346,1),(133365,160,1,22465,1),(133366,160,1,22466,1),(133367,160,1,22467,1),(133368,160,1,22468,1),(133369,160,1,22469,1),(133370,160,1,22470,1),(133371,160,1,22471,1),(133372,160,1,22472,1),(133373,160,1,22473,1),(133374,160,1,22474,1),(133375,160,1,22475,1),(133376,160,1,22476,1),(133377,160,1,22477,1),(133378,160,1,22478,1),(133379,160,1,22479,1),(133380,160,1,22480,1),(133381,160,1,22481,1),(133382,160,1,22482,1),(133383,160,1,22483,1),(133384,160,1,22484,1),(133385,160,1,22485,1),(133386,160,1,22486,1),(133387,160,1,22487,1),(133388,160,1,22488,1),(133389,160,1,22489,1),(133390,160,1,22490,1),(133391,160,1,22491,1),(133392,160,1,22492,1),(133393,160,1,22493,1),(133394,160,1,22494,1),(133395,161,1,22170,1),(133396,161,1,22365,1),(133397,161,1,22495,2),(133398,161,1,22180,2),(133399,161,1,22351,10),(133400,161,1,22496,1),(133401,161,1,22176,5),(133402,161,1,22177,1),(133403,161,1,22178,1),(133404,161,1,22497,1),(133405,161,1,22439,4),(133406,161,1,22498,1),(133407,161,1,22409,7),(133408,161,1,22288,1),(133409,161,1,22182,3),(133410,161,1,22499,1),(133411,161,1,22375,1),(133412,161,1,22204,3),(133413,161,1,22500,1),(133414,161,1,22501,1),(133415,161,1,22502,1),(133416,161,1,22282,4),(133417,161,1,22212,12),(133418,161,1,22503,1),(133419,161,1,22504,1),(133420,161,1,22181,4),(133421,161,1,22505,4),(133422,161,1,22183,8),(133423,161,1,22506,3),(133424,161,1,22507,2),(133425,161,1,22508,1),(133426,161,1,22509,1),(133427,161,1,22300,1),(133428,161,1,22510,1),(133429,161,1,22511,2),(133430,161,1,22512,1),(133431,161,1,22513,1),(133432,161,1,22514,1),(133433,161,1,22515,1),(133434,161,1,22516,2),(133435,161,1,22517,1),(133436,161,1,22433,1),(133437,161,1,22518,1),(133438,161,1,22249,2),(133439,161,1,22519,2),(133440,161,1,22520,1),(133441,161,1,22521,1),(133442,161,1,22285,5),(133443,161,1,22230,1),(133444,161,1,22192,4),(133445,161,1,22250,1),(133446,161,1,22522,1),(133447,161,1,22398,2),(133448,161,1,22523,1),(133449,161,1,22524,2),(133450,161,1,22226,1),(133451,161,1,22525,1),(133452,161,1,22526,2),(133453,161,1,22346,3),(133454,161,1,22527,1),(133455,161,1,22201,1),(133456,161,1,22528,1),(133457,161,1,22529,1),(133458,161,1,22530,1),(133459,161,1,22531,1),(133460,161,1,22532,1),(133461,161,1,22492,1),(133462,161,1,22533,2),(133463,161,1,22534,1),(133464,161,1,22535,2),(133465,161,1,22536,1),(133466,161,1,22221,1),(133467,161,1,22537,1),(133468,161,1,22538,1),(133469,161,1,22320,2),(133470,161,1,22539,1),(133471,161,1,22540,1),(133472,161,1,22541,1),(133473,161,1,22542,2),(133474,161,1,22543,1),(133475,161,1,22544,1),(133476,161,1,22545,1),(133477,161,1,22316,1),(133478,161,1,22546,1),(133479,161,1,22547,1),(133480,161,1,22548,1),(133481,161,1,22549,1),(133482,161,1,22470,1),(133483,161,1,22265,5),(133484,161,1,22550,1),(133485,161,1,22551,1),(133486,161,1,22172,6),(133487,161,1,22552,1),(133488,161,1,22553,1),(133489,161,1,22554,1),(133490,161,1,22555,1),(133491,161,1,22556,1),(133492,161,1,22355,2),(133493,161,1,22557,1),(133494,161,1,22558,2),(133495,161,1,22559,1),(133496,161,1,22370,1),(133497,161,1,22560,1),(133498,161,1,22175,1),(133499,161,1,22441,2),(133500,161,1,22561,1),(133501,161,1,22562,1),(133502,161,1,22271,1),(133503,161,1,22563,1),(133504,161,1,22564,1),(133505,161,1,22565,2),(133506,161,1,22566,1),(133507,161,1,22326,1),(133508,161,1,22567,1),(133509,161,1,22568,1),(133510,161,1,22179,2),(133511,161,1,22569,1),(133512,161,1,22184,6),(133513,161,1,22345,2),(133514,161,1,22570,1),(133515,161,1,22571,1),(133516,161,1,22572,1),(133517,161,1,22573,1),(133518,161,1,22191,1),(133519,161,1,22238,2),(133520,161,1,22574,2),(133521,161,1,22575,1),(133522,161,1,22576,2),(133523,161,1,22366,1),(133524,161,1,22327,1),(133525,161,1,22336,1),(133526,161,1,22577,1),(133527,161,1,22578,1),(133528,161,1,22579,1),(133529,161,1,22580,1),(133530,161,1,22581,1),(133531,161,1,22582,1),(133532,161,1,22402,1),(133533,161,1,22583,1),(133534,161,1,22584,1),(133535,161,1,22585,1),(133536,161,1,22586,1),(133537,161,1,22587,1),(133538,161,1,22588,1),(133539,161,1,22589,1),(133540,161,1,22217,1),(133541,161,1,22590,1),(133542,161,1,22252,1),(133543,161,1,22438,1),(133544,161,1,22591,1),(133545,161,1,22592,1),(133546,161,1,22593,1),(133547,161,1,22594,1),(133548,161,1,22595,1),(133549,161,1,22596,1),(133550,161,1,22597,1),(133551,161,1,22598,1),(133552,161,1,22599,1),(133553,161,1,22600,1),(133554,161,1,22601,1),(133555,161,1,22480,1),(133556,161,1,22602,1),(133557,161,1,22344,1),(133558,161,1,22603,1),(133559,161,1,22604,1),(133560,161,1,22605,1),(133561,161,1,22606,1),(133562,161,1,22487,1),(133563,161,1,22607,1),(133564,161,1,22608,1),(133565,161,1,22609,1),(133566,161,1,22173,1),(133567,161,1,22610,1),(133568,161,1,22611,1),(133569,161,1,22612,1),(133570,161,1,22613,1),(133571,161,1,22614,1),(133572,161,1,22615,1),(133573,161,1,22616,1),(133574,161,1,22617,1),(133575,161,1,22618,1),(133576,161,1,22619,1),(133577,162,1,22170,1),(133578,162,1,22171,1),(133579,162,1,22620,2),(133580,162,1,22621,4),(133581,162,1,22622,5),(133582,162,1,22181,5),(133583,162,1,22172,3),(133584,162,1,22176,12),(133585,162,1,22177,2),(133586,162,1,22178,1),(133587,162,1,22490,2),(133588,162,1,22623,1),(133589,162,1,22351,3),(133590,162,1,22624,3),(133591,162,1,22625,1),(133592,162,1,22626,6),(133593,162,1,22627,1),(133594,162,1,22405,1),(133595,162,1,22265,3),(133596,162,1,22192,8),(133597,162,1,22628,1),(133598,162,1,22629,1),(133599,162,1,22630,2),(133600,162,1,22631,1),(133601,162,1,22282,2),(133602,162,1,22196,2),(133603,162,1,22632,1),(133604,162,1,22173,8),(133605,162,1,22633,3),(133606,162,1,22185,1),(133607,162,1,22570,1),(133608,162,1,22634,1),(133609,162,1,22206,2),(133610,162,1,22635,1),(133611,162,1,22636,2),(133612,162,1,22328,2),(133613,162,1,22212,6),(133614,162,1,22439,5),(133615,162,1,22637,1),(133616,162,1,22638,1),(133617,162,1,22441,2),(133618,162,1,22639,1),(133619,162,1,22640,2),(133620,162,1,22641,1),(133621,162,1,22642,3),(133622,162,1,22319,1),(133623,162,1,22643,1),(133624,162,1,22528,1),(133625,162,1,22644,1),(133626,162,1,22271,3),(133627,162,1,22285,3),(133628,162,1,22535,1),(133629,162,1,22645,1),(133630,162,1,22646,1),(133631,162,1,22238,3),(133632,162,1,22344,2),(133633,162,1,22647,1),(133634,162,1,22253,1),(133635,162,1,22648,1),(133636,162,1,22565,2),(133637,162,1,22250,1),(133638,162,1,22248,1),(133639,162,1,22649,1),(133640,162,1,22650,1),(133641,162,1,22534,3),(133642,162,1,22651,2),(133643,162,1,22652,1),(133644,162,1,22183,4),(133645,162,1,22537,1),(133646,162,1,22653,1),(133647,162,1,22654,1),(133648,162,1,22216,3),(133649,162,1,22655,2),(133650,162,1,22501,1),(133651,162,1,22443,1),(133652,162,1,22656,1),(133653,162,1,22657,1),(133654,162,1,22658,1),(133655,162,1,22659,1),(133656,162,1,22660,1),(133657,162,1,22548,1),(133658,162,1,22325,1),(133659,162,1,22318,3),(133660,162,1,22661,1),(133661,162,1,22204,2),(133662,162,1,22418,1),(133663,162,1,22662,3),(133664,162,1,22470,2),(133665,162,1,22663,1),(133666,162,1,22573,2),(133667,162,1,22191,2),(133668,162,1,22664,2),(133669,162,1,22188,2),(133670,162,1,22665,1),(133671,162,1,22596,1),(133672,162,1,22532,2),(133673,162,1,22480,1),(133674,162,1,22666,3),(133675,162,1,22667,1),(133676,162,1,22668,1),(133677,162,1,22669,1),(133678,162,1,22670,1),(133679,162,1,22671,1),(133680,162,1,22672,3),(133681,162,1,22673,2),(133682,162,1,22674,1),(133683,162,1,22675,3),(133684,162,1,22272,1),(133685,162,1,22676,1),(133686,162,1,22677,1),(133687,162,1,22678,1),(133688,162,1,22679,3),(133689,162,1,22680,1),(133690,162,1,22681,1),(133691,162,1,22682,2),(133692,162,1,22683,1),(133693,162,1,22684,1),(133694,162,1,22685,1),(133695,162,1,22686,3),(133696,162,1,22274,1),(133697,162,1,22687,1),(133698,162,1,22688,1),(133699,162,1,22689,1),(133700,162,1,22690,1),(133701,162,1,22691,1),(133702,162,1,22346,1),(133703,162,1,22692,1),(133704,162,1,22693,2),(133705,162,1,22591,1),(133706,162,1,22694,1),(133707,162,1,22201,3),(133708,162,1,22695,2),(133709,162,1,22696,1),(133710,162,1,22697,1),(133711,162,1,22698,1),(133712,162,1,22320,2),(133713,162,1,22699,1),(133714,162,1,22700,1),(133715,162,1,22701,1),(133716,162,1,22702,1),(133717,162,1,22703,2),(133718,162,1,22704,1),(133719,162,1,22705,2),(133720,162,1,22706,2),(133721,162,1,22707,1),(133722,162,1,22708,1),(133723,162,1,22709,3),(133724,162,1,22710,3),(133725,162,1,22711,1),(133726,162,1,22712,4),(133727,162,1,22713,1),(133728,162,1,22714,4),(133729,162,1,22715,1),(133730,162,1,22716,1),(133731,162,1,22717,1),(133732,162,1,22387,3),(133733,162,1,22718,1),(133734,162,1,22719,1),(133735,162,1,22720,3),(133736,162,1,22721,1),(133737,162,1,22722,1),(133738,162,1,22723,1),(133739,162,1,22724,1),(133740,162,1,22725,1),(133741,162,1,22726,1),(133742,162,1,22727,1),(133743,162,1,22728,1),(133744,162,1,22729,1),(133745,162,1,22730,1),(133746,162,1,22731,1),(133747,162,1,22732,1),(133748,162,1,22733,1),(133749,162,1,22734,3),(133750,162,1,22735,2),(133751,162,1,22736,1),(133752,162,1,22737,1),(133753,162,1,22738,1),(133754,162,1,22739,1),(133755,162,1,22740,2),(133756,162,1,22741,3),(133757,162,1,22742,1),(133758,162,1,22743,5),(133759,162,1,22744,1),(133760,162,1,22745,3),(133761,162,1,22746,1),(133762,162,1,22747,2),(133763,162,1,22748,1),(133764,162,1,22749,1),(133765,162,1,22750,1),(133766,162,1,22751,1),(133767,162,1,22752,1),(133768,162,1,22753,1),(133769,162,1,22754,1),(133770,162,1,22755,1),(133771,162,1,22756,1),(133772,162,1,22757,1),(133773,162,1,22758,1),(133774,162,1,22759,1),(133775,162,1,22760,1),(133776,162,1,22761,1),(133777,162,1,22762,1),(133778,162,1,22763,1),(133779,162,1,22764,1),(133780,162,1,22765,1),(133781,162,1,22766,1),(133782,162,1,22767,1),(133783,162,1,22768,1),(133784,162,1,22769,1),(133785,162,1,22770,1),(133786,162,1,22771,1),(133787,162,1,22772,1),(133788,162,1,22773,1),(133789,162,1,22774,1),(133790,162,1,22603,2),(133791,162,1,22775,1),(133792,162,1,22300,2),(133793,162,1,22776,1),(133794,162,1,22777,1),(133795,162,1,22778,1),(133796,162,1,22195,1),(133797,162,1,22779,1),(133798,162,1,22780,1),(133799,162,1,22781,1),(133800,162,1,22337,1),(133801,162,1,22782,1),(133802,162,1,22783,1),(133803,162,1,22784,1),(133804,162,1,22785,1),(133805,162,1,22786,1),(133806,162,1,22787,1),(133807,162,1,22788,1),(133808,162,1,22789,1),(133809,162,1,22790,1),(133810,162,1,22791,1),(133811,162,1,22792,1),(133812,162,1,22793,1),(133813,162,1,22794,1),(133814,162,1,22795,1),(133815,162,1,22572,1),(133816,162,1,22796,1),(133817,162,1,22797,2),(133818,162,1,22798,1),(133819,162,1,22218,1),(133820,162,1,22395,1),(133821,162,1,22799,1),(133822,162,1,22800,1),(133823,162,1,22801,1),(133824,162,1,22802,1),(133825,162,1,22803,2),(133826,162,1,22804,1),(133827,162,1,22805,1),(133828,162,1,22179,2),(133829,162,1,22569,1),(133830,162,1,22345,1),(133831,162,1,22184,1),(133832,162,1,22806,1),(133833,162,1,22807,1),(133834,162,1,22575,1),(133835,162,1,22419,1),(133836,162,1,22252,1),(133837,162,1,22438,1),(133838,162,1,22808,1),(133839,162,1,22809,1),(133840,162,1,22284,1),(133841,162,1,22217,2),(133842,162,1,22810,1),(133843,162,1,22811,1),(133844,162,1,22812,1),(133845,162,1,22813,1),(133846,162,1,22814,1),(133847,162,1,22541,1),(133848,162,1,22815,1),(133849,162,1,22816,1),(133850,162,1,22817,1),(133851,162,1,22818,1),(133852,162,1,22819,1),(133853,162,1,22384,1),(133854,163,1,22170,1),(133855,163,1,22171,1),(133856,163,1,22820,1),(133857,163,1,22285,3),(133858,163,1,22176,7),(133859,163,1,22177,2),(133860,163,1,22178,1),(133861,163,1,22181,8),(133862,163,1,22184,2),(133863,163,1,22183,4),(133864,163,1,22345,2),(133865,163,1,22821,2),(133866,163,1,22822,1),(133867,163,1,22494,1),(133868,163,1,22823,1),(133869,163,1,22824,1),(133870,163,1,22825,1),(133871,163,1,22826,1),(133872,163,1,22827,1),(133873,163,1,22828,1),(133874,163,1,22534,1),(133875,163,1,22201,5),(133876,163,1,22829,1),(133877,163,1,22830,2),(133878,163,1,22617,1),(133879,163,1,22831,1),(133880,163,1,22653,3),(133881,163,1,22832,1),(133882,163,1,22833,1),(133883,163,1,22834,1),(133884,163,1,22344,5),(133885,163,1,22835,2),(133886,163,1,22836,1),(133887,163,1,22837,1),(133888,163,1,22351,2),(133889,163,1,22838,1),(133890,163,1,22839,1),(133891,163,1,22253,1),(133892,163,1,22528,1),(133893,163,1,22172,6),(133894,163,1,22173,1),(133895,163,1,22174,1),(133896,163,1,22337,1),(133897,163,1,22840,1),(133898,163,1,22841,1),(133899,163,1,22537,1),(133900,163,1,22842,1),(133901,163,1,22441,4),(133902,163,1,22540,1),(133903,163,1,22843,1),(133904,163,1,22265,1),(133905,163,1,22189,1),(133906,163,1,22283,1),(133907,163,1,22844,1),(133908,163,1,22845,1),(133909,163,1,22221,1),(133910,163,1,22846,1),(133911,163,1,22847,1),(133912,163,1,22848,1),(133913,163,1,22849,1),(133914,163,1,22850,1),(133915,163,1,22784,2),(133916,163,1,22851,3),(133917,163,1,22852,2),(133918,163,1,22349,2),(133919,163,1,22514,1),(133920,163,1,22238,3),(133921,163,1,22328,2),(133922,163,1,22853,1),(133923,163,1,22478,1),(133924,163,1,22854,1),(133925,163,1,22855,1),(133926,163,1,22856,1),(133927,163,1,22857,1),(133928,163,1,22192,4),(133929,163,1,22858,1),(133930,163,1,22216,3),(133931,163,1,22859,1),(133932,163,1,22860,1),(133933,163,1,22861,2),(133934,163,1,22206,1),(133935,163,1,22862,1),(133936,163,1,22863,1),(133937,163,1,22864,1),(133938,163,1,22336,1),(133939,163,1,22865,1),(133940,163,1,22382,1),(133941,163,1,22212,2),(133942,163,1,22182,1),(133943,163,1,22363,1),(133944,163,1,22866,1),(133945,163,1,22284,2),(133946,163,1,22867,1),(133947,163,1,22868,1),(133948,163,1,22377,1),(133949,163,1,22378,1),(133950,163,1,22185,1),(133951,163,1,22405,2),(133952,163,1,22594,1),(133953,163,1,22869,1),(133954,163,1,22186,1),(133955,163,1,22187,1),(133956,163,1,22870,1),(133957,163,1,22586,1),(133958,163,1,22335,2),(133959,163,1,22871,1),(133960,163,1,22872,1),(133961,163,1,22500,1),(133962,163,1,22501,2),(133963,163,1,22873,1),(133964,163,1,22874,1),(133965,163,1,22875,1),(133966,163,1,22252,3),(133967,163,1,22438,1),(133968,163,1,22803,1),(133969,163,1,22876,1),(133970,163,1,22877,1),(133971,163,1,22878,1),(133972,163,1,22255,1),(133973,163,1,22213,2),(133974,163,1,22879,1),(133975,163,1,22215,1),(133976,163,1,22880,1),(133977,163,1,22191,1),(133978,163,1,22550,3),(133979,163,1,22226,1),(133980,163,1,22881,1),(133981,163,1,22882,1),(133982,163,1,22180,1),(133983,163,1,22883,1),(133984,163,1,22884,1),(133985,163,1,22885,1),(133986,163,1,22326,1),(133987,163,1,22412,1),(133988,163,1,22346,1),(133989,163,1,22645,1),(133990,163,1,22886,1),(133991,163,1,22887,1),(133992,163,1,22888,1),(133993,163,1,22224,1),(133994,163,1,22889,1),(133995,163,1,22890,1),(133996,163,1,22891,1),(133997,163,1,22439,2),(133998,163,1,22504,1),(133999,163,1,22632,1),(134000,163,1,22892,1),(134001,163,1,22893,1),(134002,163,1,22894,1),(134003,163,1,22895,1),(134004,163,1,22896,1),(134005,163,1,22897,1),(134006,163,1,22898,1),(134007,163,1,22899,1),(134008,163,1,22489,1),(134009,163,1,22900,1),(134010,163,1,22901,1),(134011,163,1,22250,1),(134012,163,1,22902,1),(134013,163,1,22903,1),(134014,163,1,22904,1),(134015,163,1,22664,1),(134016,163,1,22905,1),(134017,164,1,22170,1),(134018,164,1,22365,1),(134019,164,1,22565,5),(134020,164,1,22906,1),(134021,164,1,22907,1),(134022,164,1,22842,1),(134023,164,1,22183,8),(134024,164,1,22908,1),(134025,164,1,22909,2),(134026,164,1,22910,1),(134027,164,1,22746,1),(134028,164,1,22911,1),(134029,164,1,22912,1),(134030,164,1,22913,1),(134031,164,1,22914,1),(134032,164,1,22223,1),(134033,164,1,22316,3),(134034,164,1,22915,3),(134035,164,1,22916,9),(134036,164,1,22917,2),(134037,164,1,22918,5),(134038,164,1,22919,1),(134039,164,1,22217,1),(134040,164,1,22238,2),(134041,164,1,22920,1),(134042,164,1,22209,2),(134043,164,1,22921,1),(134044,164,1,22922,3),(134045,164,1,22923,3),(134046,164,1,22192,10),(134047,164,1,22924,1),(134048,164,1,22752,1),(134049,164,1,22925,1),(134050,164,1,22204,6),(134051,164,1,22926,1),(134052,164,1,22927,1),(134053,164,1,22928,2),(134054,164,1,22929,1),(134055,164,1,22930,1),(134056,164,1,22931,2),(134057,164,1,22206,3),(134058,164,1,22932,1),(134059,164,1,22179,1),(134060,164,1,22933,1),(134061,164,1,22398,1),(134062,164,1,22934,1),(134063,164,1,22935,1),(134064,164,1,22226,1),(134065,164,1,22228,1),(134066,164,1,22655,1),(134067,164,1,22438,1),(134068,164,1,22936,1),(134069,164,1,22937,1),(134070,164,1,22938,7),(134071,164,1,22939,1),(134072,164,1,22940,1),(134073,164,1,22379,1),(134074,164,1,22941,2),(134075,164,1,22216,2),(134076,164,1,22942,1),(134077,164,1,22943,1),(134078,164,1,22944,1),(134079,164,1,22945,1),(134080,164,1,22946,2),(134081,164,1,22387,2),(134082,164,1,22947,1),(134083,164,1,22948,1),(134084,164,1,22949,1),(134085,164,1,22325,2),(134086,164,1,22885,2),(134087,164,1,22950,1),(134088,164,1,22351,4),(134089,164,1,22951,1),(134090,164,1,22952,1),(134091,164,1,22340,1),(134092,164,1,22953,1),(134093,164,1,22954,1),(134094,164,1,22955,2),(134095,164,1,22319,1),(134096,164,1,22320,4),(134097,164,1,22956,1),(134098,164,1,22957,1),(134099,164,1,22645,1),(134100,164,1,22958,1),(134101,164,1,22333,1),(134102,164,1,22959,1),(134103,164,1,22960,1),(134104,164,1,22961,1),(134105,164,1,22962,1),(134106,164,1,22963,1),(134107,164,1,22342,1),(134108,164,1,22532,1),(134109,164,1,22964,1),(134110,164,1,22189,1),(134111,164,1,22492,1),(134112,164,1,22499,1),(134113,164,1,22275,1),(134114,164,1,22965,1),(134115,164,1,22966,5),(134116,164,1,22967,1),(134117,164,1,22968,1),(134118,164,1,22969,1),(134119,164,1,22849,1),(134120,164,1,22970,1),(134121,164,1,22971,1),(134122,164,1,22441,1),(134123,164,1,22972,1),(134124,164,1,22973,1),(134125,164,1,22974,1),(134126,164,1,22975,1),(134127,164,1,22685,3),(134128,164,1,22976,1),(134129,164,1,22977,1),(134130,164,1,22181,8),(134131,164,1,22197,1),(134132,164,1,22336,1),(134133,164,1,22978,1),(134134,164,1,22979,1),(134135,164,1,22346,2),(134136,164,1,22980,1),(134137,164,1,22981,1),(134138,164,1,22982,1),(134139,164,1,22591,1),(134140,164,1,22983,1),(134141,164,1,22984,1),(134142,164,1,22985,1),(134143,164,1,22986,1),(134144,164,1,22987,1),(134145,164,1,22283,2),(134146,164,1,22411,1),(134147,164,1,22988,1),(134148,164,1,22989,1),(134149,164,1,22990,1),(134150,164,1,22991,1),(134151,164,1,22432,1),(134152,164,1,22614,2),(134153,164,1,22992,1),(134154,164,1,22993,1),(134155,164,1,22994,1),(134156,164,1,22995,3),(134157,164,1,22996,3),(134158,164,1,22350,2),(134159,164,1,22820,1),(134160,164,1,22997,1),(134161,164,1,22998,1),(134162,164,1,22999,1),(134163,164,1,23000,1),(134164,164,1,23001,1),(134165,164,1,23002,2),(134166,164,1,23003,1),(134167,164,1,23004,1),(134168,164,1,23005,2),(134169,164,1,22802,1),(134170,164,1,23006,2),(134171,164,1,23007,2),(134172,164,1,22298,1),(134173,164,1,23008,1),(134174,164,1,23009,1),(134175,164,1,22611,1),(134176,164,1,23010,1),(134177,164,1,23011,1),(134178,164,1,23012,1),(134179,164,1,23013,1),(134180,164,1,22201,1),(134181,164,1,23014,1),(134182,164,1,23015,2),(134183,164,1,23016,1),(134184,164,1,23017,1),(134185,164,1,23018,1),(134186,164,1,23019,1),(134187,164,1,23020,1),(134188,164,1,23021,1),(134189,164,1,23022,1),(134190,164,1,22819,3),(134191,164,1,22221,1),(134192,164,1,23023,1),(134193,164,1,23024,1),(134194,164,1,22535,1),(134195,164,1,23025,1),(134196,164,1,23026,1),(134197,164,1,22352,2),(134198,164,1,23027,2),(134199,164,1,22683,2),(134200,164,1,23028,1),(134201,164,1,23029,1),(134202,164,1,23030,1),(134203,164,1,23031,1),(134204,164,1,23032,1),(134205,164,1,22328,2),(134206,164,1,23033,1),(134207,164,1,23034,1),(134208,164,1,22546,1),(134209,164,1,23035,1),(134210,164,1,23036,1),(134211,164,1,22265,1),(134212,164,1,23037,1),(134213,164,1,22281,1),(134214,164,1,22514,1),(134215,164,1,23038,1),(134216,164,1,23039,1),(134217,164,1,23040,1),(134218,164,1,23041,1),(134219,164,1,23042,1),(134220,164,1,23043,1),(134221,164,1,23044,1),(134222,164,1,23045,1),(134223,164,1,22344,1),(134224,164,1,22524,2),(134225,164,1,23046,1),(134226,164,1,23047,1),(134227,164,1,23048,1),(134228,164,1,23049,1),(134229,164,1,23050,1),(134230,164,1,23051,1),(134231,164,1,22902,1),(134232,164,1,23052,1),(134233,164,1,23053,1),(134234,164,1,23054,1),(134235,164,1,23055,1),(134236,164,1,23056,1),(134237,164,1,23057,1),(134238,164,1,23058,1),(134239,164,1,22832,1),(134240,164,1,23059,1),(134241,164,1,23060,1),(134242,165,1,22170,1),(134243,165,1,22365,1),(134244,165,1,23061,1),(134245,165,1,23062,1),(134246,165,1,22937,1),(134247,165,1,22923,1),(134248,165,1,23063,1),(134249,165,1,23064,1),(134250,165,1,23065,1),(134251,165,1,22909,1),(134252,165,1,22910,2),(134253,165,1,22746,3),(134254,165,1,22911,1),(134255,165,1,22912,1),(134256,165,1,22913,1),(134257,165,1,22914,1),(134258,165,1,23066,4),(134259,165,1,22868,1),(134260,165,1,23067,1),(134261,165,1,23068,1),(134262,165,1,22368,4),(134263,165,1,22181,4),(134264,165,1,22647,3),(134265,165,1,22966,1),(134266,165,1,23069,1),(134267,165,1,23070,1),(134268,165,1,22217,1),(134269,165,1,22238,2),(134270,165,1,23071,1),(134271,165,1,22221,1),(134272,165,1,23072,1),(134273,165,1,22922,2),(134274,165,1,22183,6),(134275,165,1,23073,1),(134276,165,1,22201,7),(134277,165,1,22954,2),(134278,165,1,22192,8),(134279,165,1,23074,1),(134280,165,1,22216,2),(134281,165,1,23075,1),(134282,165,1,22752,1),(134283,165,1,23076,1),(134284,165,1,23077,1),(134285,165,1,23078,1),(134286,165,1,22248,1),(134287,165,1,22938,6),(134288,165,1,22346,2),(134289,165,1,23079,1),(134290,165,1,23080,1),(134291,165,1,23081,1),(134292,165,1,22309,1),(134293,165,1,23082,1),(134294,165,1,23083,2),(134295,165,1,22879,1),(134296,165,1,22285,3),(134297,165,1,22849,1),(134298,165,1,23053,1),(134299,165,1,23084,2),(134300,165,1,22275,1),(134301,165,1,22325,1),(134302,165,1,22189,1),(134303,165,1,22820,1),(134304,165,1,23085,1),(134305,165,1,23086,1),(134306,165,1,23087,1),(134307,165,1,23088,1),(134308,165,1,23089,1),(134309,165,1,23090,1),(134310,165,1,23091,1),(134311,165,1,23092,1),(134312,165,1,23093,1),(134313,165,1,23094,1),(134314,165,1,23095,1),(134315,165,1,22538,1),(134316,165,1,23096,1),(134317,165,1,23097,4),(134318,165,1,22281,1),(134319,165,1,23098,1),(134320,165,1,23099,1),(134321,165,1,22847,1),(134322,165,1,22620,1),(134323,165,1,23100,1),(134324,165,1,23101,2),(134325,165,1,22637,1),(134326,165,1,22535,2),(134327,165,1,23102,1),(134328,165,1,22832,1),(134329,165,1,23103,1),(134330,165,1,22173,1),(134331,165,1,23104,1),(134332,165,1,23105,1),(134333,165,1,23106,1),(134334,165,1,23107,1),(134335,165,1,23003,2),(134336,165,1,23028,1),(134337,165,1,23108,1),(134338,165,1,23109,1),(134339,165,1,23110,1),(134340,165,1,22204,4),(134341,165,1,22664,2),(134342,165,1,22344,1),(134343,165,1,23111,1),(134344,165,1,22591,1),(134345,165,1,22283,1),(134346,165,1,23112,1),(134347,165,1,23113,1),(134348,165,1,23114,1),(134349,165,1,23014,2),(134350,165,1,23043,1),(134351,165,1,23115,1),(134352,165,1,22265,1),(134353,165,1,23116,1),(134354,165,1,23117,1),(134355,165,1,23118,1),(134356,165,1,22617,1),(134357,165,1,22802,2),(134358,165,1,23119,1),(134359,165,1,22438,2),(134360,165,1,23120,1),(134361,165,1,23042,1),(134362,165,1,23121,1),(134363,165,1,23122,1),(134364,165,1,23123,1),(134365,165,1,22926,1),(134366,165,1,22927,1),(134367,165,1,22928,1),(134368,165,1,22929,1),(134369,165,1,22930,1),(134370,165,1,23124,1),(134371,165,1,22328,2),(134372,165,1,22224,2),(134373,165,1,22292,1),(134374,165,1,23125,1),(134375,165,1,23126,1),(134376,165,1,23127,2),(134377,165,1,22313,2),(134378,165,1,23128,1),(134379,165,1,23036,1),(134380,165,1,23129,1),(134381,165,1,23130,1),(134382,165,1,22347,1),(134383,165,1,23131,1),(134384,165,1,23132,1),(134385,165,1,23133,1),(134386,165,1,23023,1),(134387,165,1,23134,1),(134388,165,1,23135,1),(134389,165,1,23136,1),(134390,165,1,23137,1),(134391,165,1,23138,1),(134392,165,1,23005,1),(134393,165,1,23139,1),(134394,165,1,23140,1),(134395,165,1,22242,1),(134396,165,1,22398,1),(134397,165,1,23141,1),(134398,165,1,23142,1),(134399,165,1,23143,1),(134400,165,1,23144,1),(134401,165,1,23145,1),(134402,165,1,22683,1),(134403,165,1,23146,1),(134404,165,1,22842,1),(134405,165,1,23147,1),(134406,165,1,23148,1),(134407,165,1,23149,1),(134408,165,1,23150,1),(134409,165,1,23151,1),(134410,165,1,22411,1),(134411,165,1,23152,1),(134412,165,1,23153,1),(134413,166,1,23154,2),(134414,166,1,23155,1),(134415,166,1,22365,1),(134416,166,1,23156,1),(134417,166,1,23157,1),(134418,166,1,22390,2),(134419,166,1,23158,1),(134420,166,1,23159,2),(134421,166,1,22313,2),(134422,166,1,23160,1),(134423,166,1,23161,5),(134424,166,1,23162,5),(134425,166,1,23163,1),(134426,166,1,23164,2),(134427,166,1,23165,3),(134428,166,1,22204,1),(134429,166,1,23166,1),(134430,166,1,23122,2),(134431,166,1,22201,5),(134432,166,1,23167,2),(134433,166,1,23168,3),(134434,166,1,23169,2),(134435,166,1,23170,2),(134436,166,1,22192,10),(134437,166,1,22521,1),(134438,166,1,22216,2),(134439,166,1,23171,1),(134440,166,1,23172,3),(134441,166,1,23173,1),(134442,166,1,23174,3),(134443,166,1,22931,1),(134444,166,1,22950,1),(134445,166,1,23126,1),(134446,166,1,23175,5),(134447,166,1,23176,2),(134448,166,1,23177,3),(134449,166,1,23178,1),(134450,166,1,23179,1),(134451,166,1,23180,1),(134452,166,1,23181,1),(134453,166,1,23182,1),(134454,166,1,22181,3),(134455,166,1,23183,1),(134456,166,1,23184,1),(134457,166,1,22183,6),(134458,166,1,23185,1),(134459,166,1,23186,1),(134460,166,1,23187,1),(134461,166,1,22433,1),(134462,166,1,23188,1),(134463,166,1,23189,1),(134464,166,1,22513,3),(134465,166,1,22431,1),(134466,166,1,23190,2),(134467,166,1,23191,1),(134468,166,1,22940,4),(134469,166,1,22351,3),(134470,166,1,23192,2),(134471,166,1,23193,2),(134472,166,1,22494,2),(134473,166,1,23194,1),(134474,166,1,22530,2),(134475,166,1,23195,1),(134476,166,1,22441,2),(134477,166,1,22640,2),(134478,166,1,23196,1),(134479,166,1,23197,1),(134480,166,1,23198,1),(134481,166,1,23199,1),(134482,166,1,22173,1),(134483,166,1,23200,1),(134484,166,1,23201,2),(134485,166,1,23202,1),(134486,166,1,23203,3),(134487,166,1,23204,1),(134488,166,1,23205,1),(134489,166,1,22325,3),(134490,166,1,23206,2),(134491,166,1,23207,8),(134492,166,1,23208,1),(134493,166,1,23209,1),(134494,166,1,23210,1),(134495,166,1,23211,1),(134496,166,1,23212,1),(134497,166,1,23213,1),(134498,166,1,22439,2),(134499,166,1,23214,1),(134500,166,1,22548,1),(134501,166,1,23215,2),(134502,166,1,23216,1),(134503,166,1,22331,2),(134504,166,1,22583,3),(134505,166,1,22346,2),(134506,166,1,23217,1),(134507,166,1,23218,2),(134508,166,1,23219,1),(134509,166,1,23220,1),(134510,166,1,23221,1),(134511,166,1,22238,1),(134512,166,1,22963,1),(134513,166,1,22820,1),(134514,166,1,22427,2),(134515,166,1,23222,1),(134516,166,1,23223,1),(134517,166,1,23224,3),(134518,166,1,22478,1),(134519,166,1,23225,1),(134520,166,1,22852,1),(134521,166,1,22188,1),(134522,166,1,22206,1),(134523,166,1,22221,1),(134524,166,1,23226,2),(134525,166,1,23227,1),(134526,166,1,23228,1),(134527,166,1,23229,1),(134528,166,1,23230,4),(134529,166,1,23231,1),(134530,166,1,23232,1),(134531,166,1,23233,1),(134532,166,1,23234,1),(134533,166,1,23235,1),(134534,166,1,22376,1),(134535,166,1,23236,1),(134536,166,1,23237,1),(134537,166,1,22662,2),(134538,166,1,23238,1),(134539,166,1,22265,2),(134540,166,1,23152,1),(134541,166,1,23239,1),(134542,166,1,23240,2),(134543,166,1,23241,2),(134544,166,1,23242,1),(134545,166,1,23243,1),(134546,166,1,23244,2),(134547,166,1,22320,1),(134548,166,1,23245,1),(134549,166,1,23246,1),(134550,166,1,23130,1),(134551,166,1,23247,1),(134552,166,1,23248,1),(134553,166,1,23249,1),(134554,166,1,23250,1),(134555,166,1,22193,1),(134556,166,1,22591,1),(134557,166,1,22199,1),(134558,166,1,23251,1),(134559,166,1,22179,1),(134560,166,1,23252,1),(134561,166,1,23067,1),(134562,166,1,23253,1),(134563,166,1,22642,1),(134564,166,1,22342,1),(134565,166,1,22534,1),(134566,166,1,22926,1),(134567,166,1,23254,1),(134568,166,1,23255,1),(134569,166,1,23256,1),(134570,166,1,23257,1),(134571,166,1,23258,1),(134572,166,1,23259,1),(134573,166,1,23260,1),(134574,166,1,23261,1),(134575,166,1,23134,2),(134576,166,1,23262,1),(134577,166,1,23263,1),(134578,166,1,22929,1),(134579,166,1,23264,1),(134580,166,1,23265,2),(134581,166,1,23266,2),(134582,166,1,23267,1),(134583,166,1,23268,1),(134584,166,1,23269,1),(134585,166,1,23270,1),(134586,166,1,23271,1),(134587,166,1,23272,1),(134588,166,1,23273,1),(134589,166,1,23274,1),(134590,166,1,23275,1),(134591,166,1,23276,1),(134592,166,1,23277,1),(134593,166,1,23278,1),(134594,166,1,23279,1),(134595,166,1,23280,1),(134596,166,1,23281,1),(134597,166,1,22847,1),(134598,166,1,23282,1),(134599,166,1,22921,1),(134600,166,1,23283,2),(134601,166,1,23284,1),(134602,166,1,23285,1),(134603,166,1,22550,1),(134604,166,1,23286,1),(134605,166,1,23287,1),(134606,166,1,23288,1),(134607,166,1,22223,1),(134608,166,1,22283,1),(134609,166,1,23289,1),(134610,166,1,23290,1),(134611,166,1,22819,1),(134612,166,1,23291,1),(134613,166,1,23292,1),(134614,166,1,22643,1),(134615,166,1,23293,1),(134616,166,1,22271,1),(134617,166,1,22535,1),(134618,166,1,23294,1),(134619,166,1,23295,1),(134620,166,1,23296,1),(134621,166,1,23297,1),(134622,166,1,23113,1),(134623,166,1,23298,1),(134624,166,1,22451,1),(134625,166,1,23299,1),(134626,166,1,23300,1),(134627,166,1,22468,1),(134628,166,1,23301,1),(134629,167,1,23154,1),(134630,167,1,22170,1),(134631,167,1,22171,1),(134632,167,1,23302,1),(134633,167,1,23303,1),(134634,167,1,23304,5),(134635,167,1,22181,3),(134636,167,1,22380,4),(134637,167,1,23305,1),(134638,167,1,22490,2),(134639,167,1,23306,1),(134640,167,1,22441,1),(134641,167,1,22639,1),(134642,167,1,23307,1),(134643,167,1,23308,1),(134644,167,1,22797,1),(134645,167,1,23309,1),(134646,167,1,23310,1),(134647,167,1,23311,1),(134648,167,1,22462,3),(134649,167,1,22379,1),(134650,167,1,22376,4),(134651,167,1,23312,1),(134652,167,1,22425,4),(134653,167,1,23313,5),(134654,167,1,22306,2),(134655,167,1,23314,2),(134656,167,1,23315,2),(134657,167,1,22832,3),(134658,167,1,23316,1),(134659,167,1,23317,1),(134660,167,1,23318,2),(134661,167,1,23319,1),(134662,167,1,23320,1),(134663,167,1,23321,2),(134664,167,1,23322,1),(134665,167,1,23323,1),(134666,167,1,23324,1),(134667,167,1,23325,1),(134668,167,1,23326,1),(134669,167,1,22204,3),(134670,167,1,23327,1),(134671,167,1,23031,2),(134672,167,1,22247,1),(134673,167,1,22248,1),(134674,167,1,23328,1),(134675,167,1,23297,1),(134676,167,1,23329,2),(134677,167,1,23330,1),(134678,167,1,23331,1),(134679,167,1,23332,1),(134680,167,1,22325,1),(134681,167,1,22417,1),(134682,167,1,23333,1),(134683,167,1,22746,4),(134684,167,1,23334,1),(134685,167,1,23335,1),(134686,167,1,22593,2),(134687,167,1,23145,1),(134688,167,1,23336,2),(134689,167,1,23337,1),(134690,167,1,23338,1),(134691,167,1,23339,1),(134692,167,1,23000,1),(134693,167,1,23340,1),(134694,167,1,22395,1),(134695,167,1,23341,1),(134696,167,1,22904,1),(134697,167,1,23014,2),(134698,167,1,23342,1),(134699,167,1,23217,1),(134700,167,1,22192,1),(134701,167,1,23343,1),(134702,167,1,23298,1),(134703,167,1,22542,1),(134704,167,1,23344,1),(134705,167,1,23345,1),(134706,167,1,23346,1),(134707,167,1,23001,1),(134708,167,1,22238,1),(134709,167,1,22439,2),(134710,167,1,23347,1),(134711,167,1,23348,1),(134712,167,1,23349,2),(134713,167,1,23350,1),(134714,167,1,23351,1),(134715,167,1,22265,1),(134716,167,1,23352,1),(134717,167,1,23353,1),(134718,167,1,23354,1),(134719,167,1,23355,1),(134720,167,1,23062,1),(134721,167,1,23356,1),(134722,167,1,23357,1),(134723,167,1,23043,1),(134724,167,1,23182,1),(134725,167,1,23358,1),(134726,167,1,23359,1),(134727,167,1,23360,1),(134728,167,1,22640,1),(134729,167,1,23361,1),(134730,167,1,22183,1),(134731,167,1,23362,1),(134732,167,1,23363,1),(134733,167,1,22674,1),(134734,167,1,23364,1),(134735,167,1,23365,1),(134736,167,1,23366,1),(134737,167,1,23367,1),(134738,167,1,23368,1),(134739,167,1,23369,1),(134740,167,1,23370,1),(134741,168,1,23371,1),(134742,168,1,22170,1),(134743,168,1,22365,1),(134744,168,1,23329,1),(134745,168,1,23330,1),(134746,168,1,23331,1),(134747,168,1,23372,1),(134748,168,1,23373,2),(134749,168,1,23000,1),(134750,168,1,23304,6),(134751,168,1,22439,4),(134752,168,1,23334,1),(134753,168,1,23357,1),(134754,168,1,23313,1),(134755,168,1,22746,1),(134756,168,1,22442,5),(134757,168,1,22458,1),(134758,168,1,22470,1),(134759,168,1,23374,4),(134760,168,1,23375,1),(134761,168,1,22217,3),(134762,168,1,22206,2),(134763,168,1,22407,1),(134764,168,1,22201,3),(134765,168,1,23376,1),(134766,168,1,23377,1),(134767,168,1,23150,1),(134768,168,1,22313,2),(134769,168,1,22192,3),(134770,168,1,23378,1),(134771,168,1,22542,1),(134772,168,1,23379,1),(134773,168,1,23380,1),(134774,168,1,22181,5),(134775,168,1,22216,2),(134776,168,1,23328,1),(134777,168,1,23381,1),(134778,168,1,23382,1),(134779,168,1,22662,2),(134780,168,1,22325,1),(134781,168,1,22508,1),(134782,168,1,22494,1),(134783,168,1,22658,2),(134784,168,1,23383,2),(134785,168,1,22400,1),(134786,168,1,23384,1),(134787,168,1,23385,1),(134788,168,1,22468,1),(134789,168,1,23156,1),(134790,168,1,23386,1),(134791,168,1,23387,1),(134792,168,1,22977,1),(134793,168,1,23360,2),(134794,168,1,23388,3),(134795,168,1,23389,2),(134796,168,1,23390,1),(134797,168,1,23001,3),(134798,168,1,22183,2),(134799,168,1,23391,1),(134800,168,1,23392,1),(134801,168,1,23393,1),(134802,168,1,23394,1),(134803,168,1,23395,1),(134804,168,1,22238,1),(134805,168,1,22379,1),(134806,168,1,22279,1),(134807,168,1,22204,2),(134808,168,1,23302,3),(134809,168,1,23303,3),(134810,168,1,23069,1),(134811,168,1,23396,1),(134812,168,1,23397,1),(134813,168,1,22316,1),(134814,168,1,23398,1),(134815,168,1,23399,1),(134816,168,1,23400,1),(134817,168,1,23401,1),(134818,168,1,23402,1),(134819,168,1,23403,1),(134820,168,1,22832,1),(134821,168,1,22495,2),(134822,168,1,23404,1),(134823,168,1,23405,1),(134824,168,1,23406,1),(134825,168,1,23407,1),(134826,168,1,23408,1),(134827,168,1,23409,1),(134828,168,1,23410,1),(134829,168,1,23411,1),(134830,168,1,22490,2),(134831,168,1,23353,1),(134832,168,1,23297,2),(134833,168,1,23412,1),(134834,168,1,23413,1),(134835,168,1,22521,1),(134836,168,1,23414,1),(134837,168,1,23415,1),(134838,168,1,23416,1),(134839,168,1,23417,1),(134840,168,1,23418,1),(134841,168,1,23086,1),(134842,168,1,22380,1),(134843,168,1,22435,1),(134844,168,1,23362,1),(134845,168,1,23419,1),(134846,168,1,23420,1),(134847,168,1,22530,1),(134848,168,1,23295,1),(134849,168,1,23324,1),(134850,168,1,22346,1),(134851,168,1,22451,1),(134852,168,1,23421,1),(134853,168,1,22265,1),(134854,168,1,23422,1),(134855,168,1,23423,1),(134856,168,1,23424,1),(134857,168,1,23425,1),(134858,168,1,23426,1),(134859,168,1,23427,1),(134860,168,1,23428,1),(134861,159,2,22170,0.045757490560675),(134862,159,2,22171,0.39794000867204),(134863,159,2,22172,1.5051499783199),(134864,159,2,22173,0.44369749923271),(134865,159,2,22174,1.397940008672),(134866,159,2,22175,2.0969100130081),(134867,159,2,22176,1.5051499783199),(134868,159,2,22177,0.30102999566398),(134869,159,2,22178,0.30102999566398),(134870,159,2,22179,0.90308998699194),(134871,159,2,22180,0.52287874528034),(134872,159,2,22181,0),(134873,159,2,22182,2.0915149811214),(134874,159,2,22183,0),(134875,159,2,22184,0.90308998699194),(134876,159,2,22185,0.52287874528034),(134877,159,2,22186,0.69897000433602),(134878,159,2,22187,0.69897000433602),(134879,159,2,22188,0.52287874528034),(134880,159,2,22189,0.30102999566398),(134881,159,2,22190,0.69897000433602),(134882,159,2,22191,1.5917600346882),(134883,159,2,22192,0.3660599244854),(134884,159,2,22193,0.69897000433602),(134885,159,2,22194,1),(134886,159,2,22195,0.69897000433602),(134887,159,2,22196,0.69897000433602),(134888,159,2,22197,0.69897000433602),(134889,159,2,22198,1),(134890,159,2,22199,0.69897000433602),(134891,159,2,22200,1),(134892,159,2,22201,0.1830299622427),(134893,159,2,22202,1),(134894,159,2,22203,1),(134895,159,2,22204,0.045757490560675),(134896,159,2,22205,1),(134897,159,2,22206,0.30980391997149),(134898,159,2,22207,1),(134899,159,2,22208,1),(134900,159,2,22209,0.69897000433602),(134901,159,2,22210,2),(134902,159,2,22211,1),(134903,159,2,22212,2.1072099696479),(134904,159,2,22213,1.397940008672),(134905,159,2,22214,1),(134906,159,2,22215,0.69897000433602),(134907,159,2,22216,0.15490195998574),(134908,159,2,22217,0.46470587995723),(134909,159,2,22218,0.69897000433602),(134910,159,2,22219,1),(134911,159,2,22220,1),(134912,159,2,22221,0.30980391997149),(134913,159,2,22222,1),(134914,159,2,22223,0.52287874528034),(134915,159,2,22224,1.0457574905607),(134916,159,2,22225,1),(134917,159,2,22226,0.79588001734408),(134918,159,2,22227,2),(134919,159,2,22228,4.8927900303521),(134920,159,2,22229,2),(134921,159,2,22230,0.69897000433602),(134922,159,2,22231,3),(134923,159,2,22232,3),(134924,159,2,22233,4),(134925,159,2,22234,2),(134926,159,2,22235,1),(134927,159,2,22236,1),(134928,159,2,22237,2),(134929,159,2,22238,0),(134930,159,2,22239,1),(134931,159,2,22240,2),(134932,159,2,22241,1),(134933,159,2,22242,1.397940008672),(134934,159,2,22243,1),(134935,159,2,22244,3),(134936,159,2,22245,0.69897000433602),(134937,159,2,22246,1),(134938,159,2,22247,0.52287874528034),(134939,159,2,22248,0.30102999566398),(134940,159,2,22249,0.69897000433602),(134941,159,2,22250,0.39794000867204),(134942,159,2,22251,1),(134943,159,2,22252,0.39794000867204),(134944,159,2,22253,0.52287874528034),(134945,159,2,22254,1),(134946,159,2,22255,1.397940008672),(134947,159,2,22256,1),(134948,159,2,22257,1),(134949,159,2,22258,1),(134950,159,2,22259,1),(134951,159,2,22260,1),(134952,159,2,22261,1),(134953,159,2,22262,1),(134954,159,2,22263,1),(134955,159,2,22264,2),(134956,159,2,22265,0),(134957,159,2,22266,2),(134958,159,2,22267,1),(134959,159,2,22268,2),(134960,159,2,22269,1),(134961,159,2,22270,1),(134962,159,2,22271,0.39794000867204),(134963,159,2,22272,0.69897000433602),(134964,159,2,22273,1),(134965,159,2,22274,0.69897000433602),(134966,159,2,22275,0.52287874528034),(134967,159,2,22276,1),(134968,159,2,22277,1),(134969,159,2,22278,1),(134970,159,2,22279,1.0457574905607),(134971,159,2,22280,2),(134972,159,2,22281,0.52287874528034),(134973,159,2,22282,0.52287874528034),(134974,159,2,22283,0.22184874961636),(134975,159,2,22284,0.52287874528034),(134976,159,2,22285,0.60205999132796),(134977,159,2,22286,1),(134978,159,2,22287,1),(134979,159,2,22288,0.52287874528034),(134980,159,2,22289,1),(134981,159,2,22290,1),(134982,159,2,22291,1),(134983,159,2,22292,0.69897000433602),(134984,159,2,22293,2),(134985,159,2,22294,1),(134986,159,2,22295,1),(134987,159,2,22296,2),(134988,159,2,22297,1),(134989,159,2,22298,0.69897000433602),(134990,159,2,22299,2),(134991,159,2,22300,0.52287874528034),(134992,159,2,22301,1),(134993,159,2,22302,1),(134994,159,2,22303,1),(134995,159,2,22304,1),(134996,159,2,22305,1),(134997,159,2,22306,0.69897000433602),(134998,159,2,22307,1),(134999,159,2,22308,0.69897000433602),(135000,159,2,22309,0.69897000433602),(135001,159,2,22310,1),(135002,159,2,22311,1),(135003,159,2,22312,1),(135004,159,2,22313,0.79588001734408),(135005,159,2,22314,1),(135006,159,2,22315,1),(135007,159,2,22316,0.39794000867204),(135008,159,2,22317,1),(135009,159,2,22318,0.69897000433602),(135010,159,2,22319,0.52287874528034),(135011,159,2,22320,0.30102999566398),(135012,159,2,22321,1),(135013,159,2,22322,1),(135014,159,2,22323,1),(135015,159,2,22324,1),(135016,159,2,22325,0.096910013008056),(135017,159,2,22326,0.52287874528034),(135018,159,2,22327,0.69897000433602),(135019,159,2,22328,0.22184874961636),(135020,159,2,22329,0.69897000433602),(135021,159,2,22330,1),(135022,159,2,22331,1.397940008672),(135023,159,2,22332,1),(135024,159,2,22333,0.69897000433602),(135025,159,2,22334,1),(135026,159,2,22335,1.397940008672),(135027,159,2,22336,0.79588001734408),(135028,159,2,22337,1.0457574905607),(135029,159,2,22338,1),(135030,159,2,22339,1),(135031,159,2,22340,0.69897000433602),(135032,159,2,22341,1),(135033,159,2,22342,0.52287874528034),(135034,159,2,22343,1),(135035,159,2,22344,0.22184874961636),(135036,159,2,22345,0.79588001734408),(135037,159,2,22346,0.045757490560675),(135038,159,2,22347,0.69897000433602),(135039,159,2,22348,1),(135040,159,2,22349,0.69897000433602),(135041,159,2,22350,0.69897000433602),(135042,159,2,22351,0.66554624884907),(135043,159,2,22352,0.69897000433602),(135044,159,2,22353,1),(135045,159,2,22354,1),(135046,159,2,22355,0.69897000433602),(135047,159,2,22356,1),(135048,159,2,22357,1),(135049,159,2,22358,1),(135050,159,2,22359,1),(135051,159,2,22360,1),(135052,159,2,22361,1),(135053,159,2,22362,1),(135054,159,2,22363,0.69897000433602),(135055,160,2,22364,1),(135056,160,2,22170,0.045757490560675),(135057,160,2,22365,0.22184874961636),(135058,160,2,22366,0.69897000433602),(135059,160,2,22172,0.90308998699194),(135060,160,2,22176,0.90308998699194),(135061,160,2,22367,1),(135062,160,2,22178,0.30102999566398),(135063,160,2,22181,0),(135064,160,2,22368,2.7958800173441),(135065,160,2,22184,0.60205999132796),(135066,160,2,22369,1),(135067,160,2,22370,1.397940008672),(135068,160,2,22371,7),(135069,160,2,22204,0.22878745280338),(135070,160,2,22372,1),(135071,160,2,22373,1),(135072,160,2,22374,5),(135073,160,2,22375,1.397940008672),(135074,160,2,22376,3.6601512169624),(135075,160,2,22377,2.7958800173441),(135076,160,2,22378,4.1938200260161),(135077,160,2,22265,0),(135078,160,2,22379,1.1938200260161),(135079,160,2,22380,1.0457574905607),(135080,160,2,22381,1),(135081,160,2,22382,0.69897000433602),(135082,160,2,22383,5),(135083,160,2,22384,0.69897000433602),(135084,160,2,22385,1),(135085,160,2,22386,1),(135086,160,2,22387,0.52287874528034),(135087,160,2,22388,1),(135088,160,2,22183,0),(135089,160,2,22389,1),(135090,160,2,22390,0.69897000433602),(135091,160,2,22391,1),(135092,160,2,22392,1),(135093,160,2,22393,4),(135094,160,2,22394,1),(135095,160,2,22395,1.0457574905607),(135096,160,2,22396,1),(135097,160,2,22397,3),(135098,160,2,22288,0.52287874528034),(135099,160,2,22398,0.39794000867204),(135100,160,2,22399,1),(135101,160,2,22400,2.0969100130081),(135102,160,2,22401,1),(135103,160,2,22402,0.69897000433602),(135104,160,2,22245,1.397940008672),(135105,160,2,22403,1),(135106,160,2,22308,0.69897000433602),(135107,160,2,22177,0.30102999566398),(135108,160,2,22404,2),(135109,160,2,22190,1.397940008672),(135110,160,2,22405,1.0457574905607),(135111,160,2,22406,2),(135112,160,2,22217,0.30980391997149),(135113,160,2,22206,0.46470587995723),(135114,160,2,22407,0.69897000433602),(135115,160,2,22221,0.30980391997149),(135116,160,2,22408,1),(135117,160,2,22212,0.30102999566398),(135118,160,2,22409,0.69897000433602),(135119,160,2,22410,1),(135120,160,2,22411,0.52287874528034),(135121,160,2,22412,1.397940008672),(135122,160,2,22413,1),(135123,160,2,22414,1),(135124,160,2,22325,0.096910013008056),(135125,160,2,22415,3),(135126,160,2,22416,4),(135127,160,2,22417,2.0969100130081),(135128,160,2,22201,0.09151498112135),(135129,160,2,22418,0.69897000433602),(135130,160,2,22419,1.397940008672),(135131,160,2,22420,1),(135132,160,2,22421,1),(135133,160,2,22422,1),(135134,160,2,22423,1),(135135,160,2,22424,1),(135136,160,2,22425,0.69897000433602),(135137,160,2,22426,1),(135138,160,2,22427,0.69897000433602),(135139,160,2,22428,1),(135140,160,2,22429,1),(135141,160,2,22430,1),(135142,160,2,22431,0.69897000433602),(135143,160,2,22432,0.69897000433602),(135144,160,2,22433,0.52287874528034),(135145,160,2,22434,1),(135146,160,2,22435,0.69897000433602),(135147,160,2,22279,0.52287874528034),(135148,160,2,22248,0.60205999132796),(135149,160,2,22436,1),(135150,160,2,22328,0.22184874961636),(135151,160,2,22437,2),(135152,160,2,22438,0.22184874961636),(135153,160,2,22439,0.30980391997149),(135154,160,2,22440,1),(135155,160,2,22441,0.15490195998574),(135156,160,2,22442,3.4948500216801),(135157,160,2,22443,0.69897000433602),(135158,160,2,22189,0.30102999566398),(135159,160,2,22283,0.22184874961636),(135160,160,2,22444,1),(135161,160,2,22445,1),(135162,160,2,22446,1),(135163,160,2,22447,1),(135164,160,2,22448,1),(135165,160,2,22247,0.52287874528034),(135166,160,2,22449,1),(135167,160,2,22450,1),(135168,160,2,22451,0.52287874528034),(135169,160,2,22452,1),(135170,160,2,22453,1),(135171,160,2,22454,1),(135172,160,2,22455,1),(135173,160,2,22456,1),(135174,160,2,22457,1),(135175,160,2,22458,1.397940008672),(135176,160,2,22329,0.69897000433602),(135177,160,2,22238,0),(135178,160,2,22459,1),(135179,160,2,22460,1),(135180,160,2,22461,1),(135181,160,2,22462,0.69897000433602),(135182,160,2,22463,1),(135183,160,2,22464,1),(135184,160,2,22346,0.045757490560675),(135185,160,2,22465,1),(135186,160,2,22466,1),(135187,160,2,22467,1),(135188,160,2,22468,0.52287874528034),(135189,160,2,22469,1),(135190,160,2,22470,0.39794000867204),(135191,160,2,22471,1),(135192,160,2,22472,1),(135193,160,2,22473,1),(135194,160,2,22474,1),(135195,160,2,22475,1),(135196,160,2,22476,1),(135197,160,2,22477,1),(135198,160,2,22478,0.52287874528034),(135199,160,2,22479,1),(135200,160,2,22480,0.52287874528034),(135201,160,2,22481,1),(135202,160,2,22482,1),(135203,160,2,22483,1),(135204,160,2,22484,1),(135205,160,2,22485,1),(135206,160,2,22486,1),(135207,160,2,22487,0.69897000433602),(135208,160,2,22488,1),(135209,160,2,22489,0.69897000433602),(135210,160,2,22490,0.39794000867204),(135211,160,2,22491,1),(135212,160,2,22492,0.52287874528034),(135213,160,2,22493,1),(135214,160,2,22494,0.39794000867204),(135215,161,2,22170,0.045757490560675),(135216,161,2,22365,0.22184874961636),(135217,161,2,22495,1.397940008672),(135218,161,2,22180,1.0457574905607),(135219,161,2,22351,2.2184874961636),(135220,161,2,22496,1),(135221,161,2,22176,1.5051499783199),(135222,161,2,22177,0.30102999566398),(135223,161,2,22178,0.30102999566398),(135224,161,2,22497,1),(135225,161,2,22439,0.61960783994297),(135226,161,2,22498,1),(135227,161,2,22409,4.8927900303521),(135228,161,2,22288,0.52287874528034),(135229,161,2,22182,1.568636235841),(135230,161,2,22499,0.69897000433602),(135231,161,2,22375,0.69897000433602),(135232,161,2,22204,0.13727247168203),(135233,161,2,22500,0.69897000433602),(135234,161,2,22501,0.52287874528034),(135235,161,2,22502,1),(135236,161,2,22282,2.0915149811214),(135237,161,2,22212,3.6123599479678),(135238,161,2,22503,1),(135239,161,2,22504,0.69897000433602),(135240,161,2,22181,0),(135241,161,2,22505,4),(135242,161,2,22183,0),(135243,161,2,22506,3),(135244,161,2,22507,2),(135245,161,2,22508,0.69897000433602),(135246,161,2,22509,1),(135247,161,2,22300,0.52287874528034),(135248,161,2,22510,1),(135249,161,2,22511,2),(135250,161,2,22512,1),(135251,161,2,22513,0.69897000433602),(135252,161,2,22514,0.52287874528034),(135253,161,2,22515,1),(135254,161,2,22516,2),(135255,161,2,22517,1),(135256,161,2,22433,0.52287874528034),(135257,161,2,22518,1),(135258,161,2,22249,1.397940008672),(135259,161,2,22519,2),(135260,161,2,22520,1),(135261,161,2,22521,0.52287874528034),(135262,161,2,22285,1.5051499783199),(135263,161,2,22230,0.69897000433602),(135264,161,2,22192,0.1830299622427),(135265,161,2,22250,0.39794000867204),(135266,161,2,22522,1),(135267,161,2,22398,0.79588001734408),(135268,161,2,22523,1),(135269,161,2,22524,1.397940008672),(135270,161,2,22226,0.39794000867204),(135271,161,2,22525,1),(135272,161,2,22526,2),(135273,161,2,22346,0.13727247168203),(135274,161,2,22527,1),(135275,161,2,22201,0.045757490560675),(135276,161,2,22528,0.52287874528034),(135277,161,2,22529,1),(135278,161,2,22530,0.52287874528034),(135279,161,2,22531,1),(135280,161,2,22532,0.52287874528034),(135281,161,2,22492,0.52287874528034),(135282,161,2,22533,2),(135283,161,2,22534,0.39794000867204),(135284,161,2,22535,0.60205999132796),(135285,161,2,22536,1),(135286,161,2,22221,0.15490195998574),(135287,161,2,22537,0.52287874528034),(135288,161,2,22538,0.69897000433602),(135289,161,2,22320,0.60205999132796),(135290,161,2,22539,1),(135291,161,2,22540,0.69897000433602),(135292,161,2,22541,0.69897000433602),(135293,161,2,22542,1.0457574905607),(135294,161,2,22543,1),(135295,161,2,22544,1),(135296,161,2,22545,1),(135297,161,2,22316,0.39794000867204),(135298,161,2,22546,0.69897000433602),(135299,161,2,22547,1),(135300,161,2,22548,0.52287874528034),(135301,161,2,22549,1),(135302,161,2,22470,0.39794000867204),(135303,161,2,22265,0),(135304,161,2,22550,0.52287874528034),(135305,161,2,22551,1),(135306,161,2,22172,1.8061799739839),(135307,161,2,22552,1),(135308,161,2,22553,1),(135309,161,2,22554,1),(135310,161,2,22555,1),(135311,161,2,22556,1),(135312,161,2,22355,1.397940008672),(135313,161,2,22557,1),(135314,161,2,22558,2),(135315,161,2,22559,1),(135316,161,2,22370,0.69897000433602),(135317,161,2,22560,1),(135318,161,2,22175,0.69897000433602),(135319,161,2,22441,0.30980391997149),(135320,161,2,22561,1),(135321,161,2,22562,1),(135322,161,2,22271,0.39794000867204),(135323,161,2,22563,1),(135324,161,2,22564,1),(135325,161,2,22565,1.0457574905607),(135326,161,2,22566,1),(135327,161,2,22326,0.52287874528034),(135328,161,2,22567,1),(135329,161,2,22568,1),(135330,161,2,22179,0.60205999132796),(135331,161,2,22569,0.69897000433602),(135332,161,2,22184,1.8061799739839),(135333,161,2,22345,0.79588001734408),(135334,161,2,22570,0.69897000433602),(135335,161,2,22571,1),(135336,161,2,22572,0.69897000433602),(135337,161,2,22573,0.69897000433602),(135338,161,2,22191,0.39794000867204),(135339,161,2,22238,0),(135340,161,2,22574,2),(135341,161,2,22575,0.69897000433602),(135342,161,2,22576,2),(135343,161,2,22366,0.69897000433602),(135344,161,2,22327,0.69897000433602),(135345,161,2,22336,0.39794000867204),(135346,161,2,22577,1),(135347,161,2,22578,1),(135348,161,2,22579,1),(135349,161,2,22580,1),(135350,161,2,22581,1),(135351,161,2,22582,1),(135352,161,2,22402,0.69897000433602),(135353,161,2,22583,0.69897000433602),(135354,161,2,22584,1),(135355,161,2,22585,1),(135356,161,2,22586,0.69897000433602),(135357,161,2,22587,1),(135358,161,2,22588,1),(135359,161,2,22589,1),(135360,161,2,22217,0.15490195998574),(135361,161,2,22590,1),(135362,161,2,22252,0.39794000867204),(135363,161,2,22438,0.22184874961636),(135364,161,2,22591,0.30102999566398),(135365,161,2,22592,1),(135366,161,2,22593,0.69897000433602),(135367,161,2,22594,0.69897000433602),(135368,161,2,22595,1),(135369,161,2,22596,0.69897000433602),(135370,161,2,22597,1),(135371,161,2,22598,1),(135372,161,2,22599,1),(135373,161,2,22600,1),(135374,161,2,22601,1),(135375,161,2,22480,0.52287874528034),(135376,161,2,22602,1),(135377,161,2,22344,0.22184874961636),(135378,161,2,22603,0.69897000433602),(135379,161,2,22604,1),(135380,161,2,22605,1),(135381,161,2,22606,1),(135382,161,2,22487,0.69897000433602),(135383,161,2,22607,1),(135384,161,2,22608,1),(135385,161,2,22609,1),(135386,161,2,22173,0.22184874961636),(135387,161,2,22610,1),(135388,161,2,22611,0.69897000433602),(135389,161,2,22612,1),(135390,161,2,22613,1),(135391,161,2,22614,0.69897000433602),(135392,161,2,22615,1),(135393,161,2,22616,1),(135394,161,2,22617,0.52287874528034),(135395,161,2,22618,1),(135396,161,2,22619,1),(135397,162,2,22170,0.045757490560675),(135398,162,2,22171,0.39794000867204),(135399,162,2,22620,1.397940008672),(135400,162,2,22621,4),(135401,162,2,22622,5),(135402,162,2,22181,0),(135403,162,2,22172,0.90308998699194),(135404,162,2,22176,3.6123599479678),(135405,162,2,22177,0.60205999132796),(135406,162,2,22178,0.30102999566398),(135407,162,2,22490,0.79588001734408),(135408,162,2,22623,1),(135409,162,2,22351,0.66554624884907),(135410,162,2,22624,3),(135411,162,2,22625,1),(135412,162,2,22626,6),(135413,162,2,22627,1),(135414,162,2,22405,0.52287874528034),(135415,162,2,22265,0),(135416,162,2,22192,0.3660599244854),(135417,162,2,22628,1),(135418,162,2,22629,1),(135419,162,2,22630,2),(135420,162,2,22631,1),(135421,162,2,22282,1.0457574905607),(135422,162,2,22196,1.397940008672),(135423,162,2,22632,0.69897000433602),(135424,162,2,22173,1.7747899969309),(135425,162,2,22633,3),(135426,162,2,22185,0.52287874528034),(135427,162,2,22570,0.69897000433602),(135428,162,2,22634,1),(135429,162,2,22206,0.30980391997149),(135430,162,2,22635,1),(135431,162,2,22636,2),(135432,162,2,22328,0.44369749923271),(135433,162,2,22212,1.8061799739839),(135434,162,2,22439,0.77450979992872),(135435,162,2,22637,0.69897000433602),(135436,162,2,22638,1),(135437,162,2,22441,0.30980391997149),(135438,162,2,22639,0.69897000433602),(135439,162,2,22640,1.0457574905607),(135440,162,2,22641,1),(135441,162,2,22642,2.0969100130081),(135442,162,2,22319,0.52287874528034),(135443,162,2,22643,0.69897000433602),(135444,162,2,22528,0.52287874528034),(135445,162,2,22644,1),(135446,162,2,22271,1.1938200260161),(135447,162,2,22285,0.90308998699194),(135448,162,2,22535,0.30102999566398),(135449,162,2,22645,0.52287874528034),(135450,162,2,22646,1),(135451,162,2,22238,0),(135452,162,2,22344,0.44369749923271),(135453,162,2,22647,0.69897000433602),(135454,162,2,22253,0.52287874528034),(135455,162,2,22648,1),(135456,162,2,22565,1.0457574905607),(135457,162,2,22250,0.39794000867204),(135458,162,2,22248,0.30102999566398),(135459,162,2,22649,1),(135460,162,2,22650,1),(135461,162,2,22534,1.1938200260161),(135462,162,2,22651,2),(135463,162,2,22652,1),(135464,162,2,22183,0),(135465,162,2,22537,0.52287874528034),(135466,162,2,22653,0.69897000433602),(135467,162,2,22654,1),(135468,162,2,22216,0.46470587995723),(135469,162,2,22655,1.397940008672),(135470,162,2,22501,0.52287874528034),(135471,162,2,22443,0.69897000433602),(135472,162,2,22656,1),(135473,162,2,22657,1),(135474,162,2,22658,0.69897000433602),(135475,162,2,22659,1),(135476,162,2,22660,1),(135477,162,2,22548,0.52287874528034),(135478,162,2,22325,0.096910013008056),(135479,162,2,22318,2.0969100130081),(135480,162,2,22661,1),(135481,162,2,22204,0.09151498112135),(135482,162,2,22418,0.69897000433602),(135483,162,2,22662,1.568636235841),(135484,162,2,22470,0.79588001734408),(135485,162,2,22663,1),(135486,162,2,22573,1.397940008672),(135487,162,2,22191,0.79588001734408),(135488,162,2,22664,1.0457574905607),(135489,162,2,22188,1.0457574905607),(135490,162,2,22665,1),(135491,162,2,22596,0.69897000433602),(135492,162,2,22532,1.0457574905607),(135493,162,2,22480,0.52287874528034),(135494,162,2,22666,3),(135495,162,2,22667,1),(135496,162,2,22668,1),(135497,162,2,22669,1),(135498,162,2,22670,1),(135499,162,2,22671,1),(135500,162,2,22672,3),(135501,162,2,22673,2),(135502,162,2,22674,0.69897000433602),(135503,162,2,22675,3),(135504,162,2,22272,0.69897000433602),(135505,162,2,22676,1),(135506,162,2,22677,1),(135507,162,2,22678,1),(135508,162,2,22679,3),(135509,162,2,22680,1),(135510,162,2,22681,1),(135511,162,2,22682,2),(135512,162,2,22683,0.52287874528034),(135513,162,2,22684,1),(135514,162,2,22685,0.69897000433602),(135515,162,2,22686,3),(135516,162,2,22274,0.69897000433602),(135517,162,2,22687,1),(135518,162,2,22688,1),(135519,162,2,22689,1),(135520,162,2,22690,1),(135521,162,2,22691,1),(135522,162,2,22346,0.045757490560675),(135523,162,2,22692,1),(135524,162,2,22693,2),(135525,162,2,22591,0.30102999566398),(135526,162,2,22694,1),(135527,162,2,22201,0.13727247168203),(135528,162,2,22695,2),(135529,162,2,22696,1),(135530,162,2,22697,1),(135531,162,2,22698,1),(135532,162,2,22320,0.60205999132796),(135533,162,2,22699,1),(135534,162,2,22700,1),(135535,162,2,22701,1),(135536,162,2,22702,1),(135537,162,2,22703,2),(135538,162,2,22704,1),(135539,162,2,22705,2),(135540,162,2,22706,2),(135541,162,2,22707,1),(135542,162,2,22708,1),(135543,162,2,22709,3),(135544,162,2,22710,3),(135545,162,2,22711,1),(135546,162,2,22712,4),(135547,162,2,22713,1),(135548,162,2,22714,4),(135549,162,2,22715,1),(135550,162,2,22716,1),(135551,162,2,22717,1),(135552,162,2,22387,1.568636235841),(135553,162,2,22718,1),(135554,162,2,22719,1),(135555,162,2,22720,3),(135556,162,2,22721,1),(135557,162,2,22722,1),(135558,162,2,22723,1),(135559,162,2,22724,1),(135560,162,2,22725,1),(135561,162,2,22726,1),(135562,162,2,22727,1),(135563,162,2,22728,1),(135564,162,2,22729,1),(135565,162,2,22730,1),(135566,162,2,22731,1),(135567,162,2,22732,1),(135568,162,2,22733,1),(135569,162,2,22734,3),(135570,162,2,22735,2),(135571,162,2,22736,1),(135572,162,2,22737,1),(135573,162,2,22738,1),(135574,162,2,22739,1),(135575,162,2,22740,2),(135576,162,2,22741,3),(135577,162,2,22742,1),(135578,162,2,22743,5),(135579,162,2,22744,1),(135580,162,2,22745,3),(135581,162,2,22746,0.30102999566398),(135582,162,2,22747,2),(135583,162,2,22748,1),(135584,162,2,22749,1),(135585,162,2,22750,1),(135586,162,2,22751,1),(135587,162,2,22752,0.52287874528034),(135588,162,2,22753,1),(135589,162,2,22754,1),(135590,162,2,22755,1),(135591,162,2,22756,1),(135592,162,2,22757,1),(135593,162,2,22758,1),(135594,162,2,22759,1),(135595,162,2,22760,1),(135596,162,2,22761,1),(135597,162,2,22762,1),(135598,162,2,22763,1),(135599,162,2,22764,1),(135600,162,2,22765,1),(135601,162,2,22766,1),(135602,162,2,22767,1),(135603,162,2,22768,1),(135604,162,2,22769,1),(135605,162,2,22770,1),(135606,162,2,22771,1),(135607,162,2,22772,1),(135608,162,2,22773,1),(135609,162,2,22774,1),(135610,162,2,22603,1.397940008672),(135611,162,2,22775,1),(135612,162,2,22300,1.0457574905607),(135613,162,2,22776,1),(135614,162,2,22777,1),(135615,162,2,22778,1),(135616,162,2,22195,0.69897000433602),(135617,162,2,22779,1),(135618,162,2,22780,1),(135619,162,2,22781,1),(135620,162,2,22337,0.52287874528034),(135621,162,2,22782,1),(135622,162,2,22783,1),(135623,162,2,22784,0.69897000433602),(135624,162,2,22785,1),(135625,162,2,22786,1),(135626,162,2,22787,1),(135627,162,2,22788,1),(135628,162,2,22789,1),(135629,162,2,22790,1),(135630,162,2,22791,1),(135631,162,2,22792,1),(135632,162,2,22793,1),(135633,162,2,22794,1),(135634,162,2,22795,1),(135635,162,2,22572,0.69897000433602),(135636,162,2,22796,1),(135637,162,2,22797,1.397940008672),(135638,162,2,22798,1),(135639,162,2,22218,0.69897000433602),(135640,162,2,22395,0.52287874528034),(135641,162,2,22799,1),(135642,162,2,22800,1),(135643,162,2,22801,1),(135644,162,2,22802,0.52287874528034),(135645,162,2,22803,1.397940008672),(135646,162,2,22804,1),(135647,162,2,22805,1),(135648,162,2,22179,0.60205999132796),(135649,162,2,22569,0.69897000433602),(135650,162,2,22345,0.39794000867204),(135651,162,2,22184,0.30102999566398),(135652,162,2,22806,1),(135653,162,2,22807,1),(135654,162,2,22575,0.69897000433602),(135655,162,2,22419,0.69897000433602),(135656,162,2,22252,0.39794000867204),(135657,162,2,22438,0.22184874961636),(135658,162,2,22808,1),(135659,162,2,22809,1),(135660,162,2,22284,0.52287874528034),(135661,162,2,22217,0.30980391997149),(135662,162,2,22810,1),(135663,162,2,22811,1),(135664,162,2,22812,1),(135665,162,2,22813,1),(135666,162,2,22814,1),(135667,162,2,22541,0.69897000433602),(135668,162,2,22815,1),(135669,162,2,22816,1),(135670,162,2,22817,1),(135671,162,2,22818,1),(135672,162,2,22819,0.52287874528034),(135673,162,2,22384,0.69897000433602),(135674,163,2,22170,0.045757490560675),(135675,163,2,22171,0.39794000867204),(135676,163,2,22820,0.39794000867204),(135677,163,2,22285,0.90308998699194),(135678,163,2,22176,2.1072099696479),(135679,163,2,22177,0.60205999132796),(135680,163,2,22178,0.30102999566398),(135681,163,2,22181,0),(135682,163,2,22184,0.60205999132796),(135683,163,2,22183,0),(135684,163,2,22345,0.79588001734408),(135685,163,2,22821,2),(135686,163,2,22822,1),(135687,163,2,22494,0.39794000867204),(135688,163,2,22823,1),(135689,163,2,22824,1),(135690,163,2,22825,1),(135691,163,2,22826,1),(135692,163,2,22827,1),(135693,163,2,22828,1),(135694,163,2,22534,0.39794000867204),(135695,163,2,22201,0.22878745280338),(135696,163,2,22829,1),(135697,163,2,22830,2),(135698,163,2,22617,0.52287874528034),(135699,163,2,22831,1),(135700,163,2,22653,2.0969100130081),(135701,163,2,22832,0.30102999566398),(135702,163,2,22833,1),(135703,163,2,22834,1),(135704,163,2,22344,1.1092437480818),(135705,163,2,22835,2),(135706,163,2,22836,1),(135707,163,2,22837,1),(135708,163,2,22351,0.44369749923271),(135709,163,2,22838,1),(135710,163,2,22839,1),(135711,163,2,22253,0.52287874528034),(135712,163,2,22528,0.52287874528034),(135713,163,2,22172,1.8061799739839),(135714,163,2,22173,0.22184874961636),(135715,163,2,22174,0.69897000433602),(135716,163,2,22337,0.52287874528034),(135717,163,2,22840,1),(135718,163,2,22841,1),(135719,163,2,22537,0.52287874528034),(135720,163,2,22842,0.52287874528034),(135721,163,2,22441,0.61960783994297),(135722,163,2,22540,0.69897000433602),(135723,163,2,22843,1),(135724,163,2,22265,0),(135725,163,2,22189,0.30102999566398),(135726,163,2,22283,0.22184874961636),(135727,163,2,22844,1),(135728,163,2,22845,1),(135729,163,2,22221,0.15490195998574),(135730,163,2,22846,1),(135731,163,2,22847,0.52287874528034),(135732,163,2,22848,1),(135733,163,2,22849,0.52287874528034),(135734,163,2,22850,1),(135735,163,2,22784,1.397940008672),(135736,163,2,22851,3),(135737,163,2,22852,1.397940008672),(135738,163,2,22349,1.397940008672),(135739,163,2,22514,0.52287874528034),(135740,163,2,22238,0),(135741,163,2,22328,0.44369749923271),(135742,163,2,22853,1),(135743,163,2,22478,0.52287874528034),(135744,163,2,22854,1),(135745,163,2,22855,1),(135746,163,2,22856,1),(135747,163,2,22857,1),(135748,163,2,22192,0.1830299622427),(135749,163,2,22858,1),(135750,163,2,22216,0.46470587995723),(135751,163,2,22859,1),(135752,163,2,22860,1),(135753,163,2,22861,2),(135754,163,2,22206,0.15490195998574),(135755,163,2,22862,1),(135756,163,2,22863,1),(135757,163,2,22864,1),(135758,163,2,22336,0.39794000867204),(135759,163,2,22865,1),(135760,163,2,22382,0.69897000433602),(135761,163,2,22212,0.60205999132796),(135762,163,2,22182,0.52287874528034),(135763,163,2,22363,0.69897000433602),(135764,163,2,22866,1),(135765,163,2,22284,1.0457574905607),(135766,163,2,22867,1),(135767,163,2,22868,0.69897000433602),(135768,163,2,22377,0.69897000433602),(135769,163,2,22378,0.69897000433602),(135770,163,2,22185,0.52287874528034),(135771,163,2,22405,1.0457574905607),(135772,163,2,22594,0.69897000433602),(135773,163,2,22869,1),(135774,163,2,22186,0.69897000433602),(135775,163,2,22187,0.69897000433602),(135776,163,2,22870,1),(135777,163,2,22586,0.69897000433602),(135778,163,2,22335,1.397940008672),(135779,163,2,22871,1),(135780,163,2,22872,1),(135781,163,2,22500,0.69897000433602),(135782,163,2,22501,1.0457574905607),(135783,163,2,22873,1),(135784,163,2,22874,1),(135785,163,2,22875,1),(135786,163,2,22252,1.1938200260161),(135787,163,2,22438,0.22184874961636),(135788,163,2,22803,0.69897000433602),(135789,163,2,22876,1),(135790,163,2,22877,1),(135791,163,2,22878,1),(135792,163,2,22255,0.69897000433602),(135793,163,2,22213,1.397940008672),(135794,163,2,22879,0.69897000433602),(135795,163,2,22215,0.69897000433602),(135796,163,2,22880,1),(135797,163,2,22191,0.39794000867204),(135798,163,2,22550,1.568636235841),(135799,163,2,22226,0.39794000867204),(135800,163,2,22881,1),(135801,163,2,22882,1),(135802,163,2,22180,0.52287874528034),(135803,163,2,22883,1),(135804,163,2,22884,1),(135805,163,2,22885,0.69897000433602),(135806,163,2,22326,0.52287874528034),(135807,163,2,22412,0.69897000433602),(135808,163,2,22346,0.045757490560675),(135809,163,2,22645,0.52287874528034),(135810,163,2,22886,1),(135811,163,2,22887,1),(135812,163,2,22888,1),(135813,163,2,22224,0.52287874528034),(135814,163,2,22889,1),(135815,163,2,22890,1),(135816,163,2,22891,1),(135817,163,2,22439,0.30980391997149),(135818,163,2,22504,0.69897000433602),(135819,163,2,22632,0.69897000433602),(135820,163,2,22892,1),(135821,163,2,22893,1),(135822,163,2,22894,1),(135823,163,2,22895,1),(135824,163,2,22896,1),(135825,163,2,22897,1),(135826,163,2,22898,1),(135827,163,2,22899,1),(135828,163,2,22489,0.69897000433602),(135829,163,2,22900,1),(135830,163,2,22901,1),(135831,163,2,22250,0.39794000867204),(135832,163,2,22902,0.69897000433602),(135833,163,2,22903,1),(135834,163,2,22904,0.69897000433602),(135835,163,2,22664,0.52287874528034),(135836,163,2,22905,1),(135837,164,2,22170,0.045757490560675),(135838,164,2,22365,0.22184874961636),(135839,164,2,22565,2.6143937264017),(135840,164,2,22906,1),(135841,164,2,22907,1),(135842,164,2,22842,0.52287874528034),(135843,164,2,22183,0),(135844,164,2,22908,1),(135845,164,2,22909,1.397940008672),(135846,164,2,22910,0.69897000433602),(135847,164,2,22746,0.30102999566398),(135848,164,2,22911,0.69897000433602),(135849,164,2,22912,0.69897000433602),(135850,164,2,22913,0.69897000433602),(135851,164,2,22914,0.69897000433602),(135852,164,2,22223,0.52287874528034),(135853,164,2,22316,1.1938200260161),(135854,164,2,22915,3),(135855,164,2,22916,9),(135856,164,2,22917,2),(135857,164,2,22918,5),(135858,164,2,22919,1),(135859,164,2,22217,0.15490195998574),(135860,164,2,22238,0),(135861,164,2,22920,1),(135862,164,2,22209,1.397940008672),(135863,164,2,22921,0.69897000433602),(135864,164,2,22922,2.0969100130081),(135865,164,2,22923,2.0969100130081),(135866,164,2,22192,0.45757490560675),(135867,164,2,22924,1),(135868,164,2,22752,0.52287874528034),(135869,164,2,22925,1),(135870,164,2,22204,0.27454494336405),(135871,164,2,22926,0.52287874528034),(135872,164,2,22927,0.69897000433602),(135873,164,2,22928,1.397940008672),(135874,164,2,22929,0.52287874528034),(135875,164,2,22930,0.69897000433602),(135876,164,2,22931,1.397940008672),(135877,164,2,22206,0.46470587995723),(135878,164,2,22932,1),(135879,164,2,22179,0.30102999566398),(135880,164,2,22933,1),(135881,164,2,22398,0.39794000867204),(135882,164,2,22934,1),(135883,164,2,22935,1),(135884,164,2,22226,0.39794000867204),(135885,164,2,22228,0.69897000433602),(135886,164,2,22655,0.69897000433602),(135887,164,2,22438,0.22184874961636),(135888,164,2,22936,1),(135889,164,2,22937,0.69897000433602),(135890,164,2,22938,4.8927900303521),(135891,164,2,22939,1),(135892,164,2,22940,0.69897000433602),(135893,164,2,22379,0.39794000867204),(135894,164,2,22941,2),(135895,164,2,22216,0.30980391997149),(135896,164,2,22942,1),(135897,164,2,22943,1),(135898,164,2,22944,1),(135899,164,2,22945,1),(135900,164,2,22946,2),(135901,164,2,22387,1.0457574905607),(135902,164,2,22947,1),(135903,164,2,22948,1),(135904,164,2,22949,1),(135905,164,2,22325,0.19382002601611),(135906,164,2,22885,1.397940008672),(135907,164,2,22950,0.69897000433602),(135908,164,2,22351,0.88739499846543),(135909,164,2,22951,1),(135910,164,2,22952,1),(135911,164,2,22340,0.69897000433602),(135912,164,2,22953,1),(135913,164,2,22954,0.69897000433602),(135914,164,2,22955,2),(135915,164,2,22319,0.52287874528034),(135916,164,2,22320,1.2041199826559),(135917,164,2,22956,1),(135918,164,2,22957,1),(135919,164,2,22645,0.52287874528034),(135920,164,2,22958,1),(135921,164,2,22333,0.69897000433602),(135922,164,2,22959,1),(135923,164,2,22960,1),(135924,164,2,22961,1),(135925,164,2,22962,1),(135926,164,2,22963,0.69897000433602),(135927,164,2,22342,0.52287874528034),(135928,164,2,22532,0.52287874528034),(135929,164,2,22964,1),(135930,164,2,22189,0.30102999566398),(135931,164,2,22492,0.52287874528034),(135932,164,2,22499,0.69897000433602),(135933,164,2,22275,0.52287874528034),(135934,164,2,22965,1),(135935,164,2,22966,3.4948500216801),(135936,164,2,22967,1),(135937,164,2,22968,1),(135938,164,2,22969,1),(135939,164,2,22849,0.52287874528034),(135940,164,2,22970,1),(135941,164,2,22971,1),(135942,164,2,22441,0.15490195998574),(135943,164,2,22972,1),(135944,164,2,22973,1),(135945,164,2,22974,1),(135946,164,2,22975,1),(135947,164,2,22685,2.0969100130081),(135948,164,2,22976,1),(135949,164,2,22977,0.69897000433602),(135950,164,2,22181,0),(135951,164,2,22197,0.69897000433602),(135952,164,2,22336,0.39794000867204),(135953,164,2,22978,1),(135954,164,2,22979,1),(135955,164,2,22346,0.09151498112135),(135956,164,2,22980,1),(135957,164,2,22981,1),(135958,164,2,22982,1),(135959,164,2,22591,0.30102999566398),(135960,164,2,22983,1),(135961,164,2,22984,1),(135962,164,2,22985,1),(135963,164,2,22986,1),(135964,164,2,22987,1),(135965,164,2,22283,0.44369749923271),(135966,164,2,22411,0.52287874528034),(135967,164,2,22988,1),(135968,164,2,22989,1),(135969,164,2,22990,1),(135970,164,2,22991,1),(135971,164,2,22432,0.69897000433602),(135972,164,2,22614,1.397940008672),(135973,164,2,22992,1),(135974,164,2,22993,1),(135975,164,2,22994,1),(135976,164,2,22995,3),(135977,164,2,22996,3),(135978,164,2,22350,1.397940008672),(135979,164,2,22820,0.39794000867204),(135980,164,2,22997,1),(135981,164,2,22998,1),(135982,164,2,22999,1),(135983,164,2,23000,0.52287874528034),(135984,164,2,23001,0.52287874528034),(135985,164,2,23002,2),(135986,164,2,23003,0.69897000433602),(135987,164,2,23004,1),(135988,164,2,23005,1.397940008672),(135989,164,2,22802,0.52287874528034),(135990,164,2,23006,2),(135991,164,2,23007,2),(135992,164,2,22298,0.69897000433602),(135993,164,2,23008,1),(135994,164,2,23009,1),(135995,164,2,22611,0.69897000433602),(135996,164,2,23010,1),(135997,164,2,23011,1),(135998,164,2,23012,1),(135999,164,2,23013,1),(136000,164,2,22201,0.045757490560675),(136001,164,2,23014,0.52287874528034),(136002,164,2,23015,2),(136003,164,2,23016,1),(136004,164,2,23017,1),(136005,164,2,23018,1),(136006,164,2,23019,1),(136007,164,2,23020,1),(136008,164,2,23021,1),(136009,164,2,23022,1),(136010,164,2,22819,1.568636235841),(136011,164,2,22221,0.15490195998574),(136012,164,2,23023,0.69897000433602),(136013,164,2,23024,1),(136014,164,2,22535,0.30102999566398),(136015,164,2,23025,1),(136016,164,2,23026,1),(136017,164,2,22352,1.397940008672),(136018,164,2,23027,2),(136019,164,2,22683,1.0457574905607),(136020,164,2,23028,0.69897000433602),(136021,164,2,23029,1),(136022,164,2,23030,1),(136023,164,2,23031,0.69897000433602),(136024,164,2,23032,1),(136025,164,2,22328,0.44369749923271),(136026,164,2,23033,1),(136027,164,2,23034,1),(136028,164,2,22546,0.69897000433602),(136029,164,2,23035,1),(136030,164,2,23036,0.69897000433602),(136031,164,2,22265,0),(136032,164,2,23037,1),(136033,164,2,22281,0.52287874528034),(136034,164,2,22514,0.52287874528034),(136035,164,2,23038,1),(136036,164,2,23039,1),(136037,164,2,23040,1),(136038,164,2,23041,1),(136039,164,2,23042,0.69897000433602),(136040,164,2,23043,0.52287874528034),(136041,164,2,23044,1),(136042,164,2,23045,1),(136043,164,2,22344,0.22184874961636),(136044,164,2,22524,1.397940008672),(136045,164,2,23046,1),(136046,164,2,23047,1),(136047,164,2,23048,1),(136048,164,2,23049,1),(136049,164,2,23050,1),(136050,164,2,23051,1),(136051,164,2,22902,0.69897000433602),(136052,164,2,23052,1),(136053,164,2,23053,0.69897000433602),(136054,164,2,23054,1),(136055,164,2,23055,1),(136056,164,2,23056,1),(136057,164,2,23057,1),(136058,164,2,23058,1),(136059,164,2,22832,0.30102999566398),(136060,164,2,23059,1),(136061,164,2,23060,1),(136062,165,2,22170,0.045757490560675),(136063,165,2,22365,0.22184874961636),(136064,165,2,23061,1),(136065,165,2,23062,0.69897000433602),(136066,165,2,22937,0.69897000433602),(136067,165,2,22923,0.69897000433602),(136068,165,2,23063,1),(136069,165,2,23064,1),(136070,165,2,23065,1),(136071,165,2,22909,0.69897000433602),(136072,165,2,22910,1.397940008672),(136073,165,2,22746,0.90308998699194),(136074,165,2,22911,0.69897000433602),(136075,165,2,22912,0.69897000433602),(136076,165,2,22913,0.69897000433602),(136077,165,2,22914,0.69897000433602),(136078,165,2,23066,4),(136079,165,2,22868,0.69897000433602),(136080,165,2,23067,0.69897000433602),(136081,165,2,23068,1),(136082,165,2,22368,2.7958800173441),(136083,165,2,22181,0),(136084,165,2,22647,2.0969100130081),(136085,165,2,22966,0.69897000433602),(136086,165,2,23069,0.69897000433602),(136087,165,2,23070,1),(136088,165,2,22217,0.15490195998574),(136089,165,2,22238,0),(136090,165,2,23071,1),(136091,165,2,22221,0.15490195998574),(136092,165,2,23072,1),(136093,165,2,22922,1.397940008672),(136094,165,2,22183,0),(136095,165,2,23073,1),(136096,165,2,22201,0.32030243392473),(136097,165,2,22954,1.397940008672),(136098,165,2,22192,0.3660599244854),(136099,165,2,23074,1),(136100,165,2,22216,0.30980391997149),(136101,165,2,23075,1),(136102,165,2,22752,0.52287874528034),(136103,165,2,23076,1),(136104,165,2,23077,1),(136105,165,2,23078,1),(136106,165,2,22248,0.30102999566398),(136107,165,2,22938,4.1938200260161),(136108,165,2,22346,0.09151498112135),(136109,165,2,23079,1),(136110,165,2,23080,1),(136111,165,2,23081,1),(136112,165,2,22309,0.69897000433602),(136113,165,2,23082,1),(136114,165,2,23083,2),(136115,165,2,22879,0.69897000433602),(136116,165,2,22285,0.90308998699194),(136117,165,2,22849,0.52287874528034),(136118,165,2,23053,0.69897000433602),(136119,165,2,23084,2),(136120,165,2,22275,0.52287874528034),(136121,165,2,22325,0.096910013008056),(136122,165,2,22189,0.30102999566398),(136123,165,2,22820,0.39794000867204),(136124,165,2,23085,1),(136125,165,2,23086,0.69897000433602),(136126,165,2,23087,1),(136127,165,2,23088,1),(136128,165,2,23089,1),(136129,165,2,23090,1),(136130,165,2,23091,1),(136131,165,2,23092,1),(136132,165,2,23093,1),(136133,165,2,23094,1),(136134,165,2,23095,1),(136135,165,2,22538,0.69897000433602),(136136,165,2,23096,1),(136137,165,2,23097,4),(136138,165,2,22281,0.52287874528034),(136139,165,2,23098,1),(136140,165,2,23099,1),(136141,165,2,22847,0.52287874528034),(136142,165,2,22620,0.69897000433602),(136143,165,2,23100,1),(136144,165,2,23101,2),(136145,165,2,22637,0.69897000433602),(136146,165,2,22535,0.60205999132796),(136147,165,2,23102,1),(136148,165,2,22832,0.30102999566398),(136149,165,2,23103,1),(136150,165,2,22173,0.22184874961636),(136151,165,2,23104,1),(136152,165,2,23105,1),(136153,165,2,23106,1),(136154,165,2,23107,1),(136155,165,2,23003,1.397940008672),(136156,165,2,23028,0.69897000433602),(136157,165,2,23108,1),(136158,165,2,23109,1),(136159,165,2,23110,1),(136160,165,2,22204,0.1830299622427),(136161,165,2,22664,1.0457574905607),(136162,165,2,22344,0.22184874961636),(136163,165,2,23111,1),(136164,165,2,22591,0.30102999566398),(136165,165,2,22283,0.22184874961636),(136166,165,2,23112,1),(136167,165,2,23113,0.69897000433602),(136168,165,2,23114,1),(136169,165,2,23014,1.0457574905607),(136170,165,2,23043,0.52287874528034),(136171,165,2,23115,1),(136172,165,2,22265,0),(136173,165,2,23116,1),(136174,165,2,23117,1),(136175,165,2,23118,1),(136176,165,2,22617,0.52287874528034),(136177,165,2,22802,1.0457574905607),(136178,165,2,23119,1),(136179,165,2,22438,0.44369749923271),(136180,165,2,23120,1),(136181,165,2,23042,0.69897000433602),(136182,165,2,23121,1),(136183,165,2,23122,0.69897000433602),(136184,165,2,23123,1),(136185,165,2,22926,0.52287874528034),(136186,165,2,22927,0.69897000433602),(136187,165,2,22928,0.69897000433602),(136188,165,2,22929,0.52287874528034),(136189,165,2,22930,0.69897000433602),(136190,165,2,23124,1),(136191,165,2,22328,0.44369749923271),(136192,165,2,22224,1.0457574905607),(136193,165,2,22292,0.69897000433602),(136194,165,2,23125,1),(136195,165,2,23126,0.69897000433602),(136196,165,2,23127,2),(136197,165,2,22313,0.79588001734408),(136198,165,2,23128,1),(136199,165,2,23036,0.69897000433602),(136200,165,2,23129,1),(136201,165,2,23130,0.69897000433602),(136202,165,2,22347,0.69897000433602),(136203,165,2,23131,1),(136204,165,2,23132,1),(136205,165,2,23133,1),(136206,165,2,23023,0.69897000433602),(136207,165,2,23134,0.69897000433602),(136208,165,2,23135,1),(136209,165,2,23136,1),(136210,165,2,23137,1),(136211,165,2,23138,1),(136212,165,2,23005,0.69897000433602),(136213,165,2,23139,1),(136214,165,2,23140,1),(136215,165,2,22242,0.69897000433602),(136216,165,2,22398,0.39794000867204),(136217,165,2,23141,1),(136218,165,2,23142,1),(136219,165,2,23143,1),(136220,165,2,23144,1),(136221,165,2,23145,0.69897000433602),(136222,165,2,22683,0.52287874528034),(136223,165,2,23146,1),(136224,165,2,22842,0.52287874528034),(136225,165,2,23147,1),(136226,165,2,23148,1),(136227,165,2,23149,1),(136228,165,2,23150,0.69897000433602),(136229,165,2,23151,1),(136230,165,2,22411,0.52287874528034),(136231,165,2,23152,0.69897000433602),(136232,165,2,23153,1),(136233,166,2,23154,1.397940008672),(136234,166,2,23155,1),(136235,166,2,22365,0.22184874961636),(136236,166,2,23156,0.69897000433602),(136237,166,2,23157,1),(136238,166,2,22390,1.397940008672),(136239,166,2,23158,1),(136240,166,2,23159,2),(136241,166,2,22313,0.79588001734408),(136242,166,2,23160,1),(136243,166,2,23161,5),(136244,166,2,23162,5),(136245,166,2,23163,1),(136246,166,2,23164,2),(136247,166,2,23165,3),(136248,166,2,22204,0.045757490560675),(136249,166,2,23166,1),(136250,166,2,23122,1.397940008672),(136251,166,2,22201,0.22878745280338),(136252,166,2,23167,2),(136253,166,2,23168,3),(136254,166,2,23169,2),(136255,166,2,23170,2),(136256,166,2,22192,0.45757490560675),(136257,166,2,22521,0.52287874528034),(136258,166,2,22216,0.30980391997149),(136259,166,2,23171,1),(136260,166,2,23172,3),(136261,166,2,23173,1),(136262,166,2,23174,3),(136263,166,2,22931,0.69897000433602),(136264,166,2,22950,0.69897000433602),(136265,166,2,23126,0.69897000433602),(136266,166,2,23175,5),(136267,166,2,23176,2),(136268,166,2,23177,3),(136269,166,2,23178,1),(136270,166,2,23179,1),(136271,166,2,23180,1),(136272,166,2,23181,1),(136273,166,2,23182,0.69897000433602),(136274,166,2,22181,0),(136275,166,2,23183,1),(136276,166,2,23184,1),(136277,166,2,22183,0),(136278,166,2,23185,1),(136279,166,2,23186,1),(136280,166,2,23187,1),(136281,166,2,22433,0.52287874528034),(136282,166,2,23188,1),(136283,166,2,23189,1),(136284,166,2,22513,2.0969100130081),(136285,166,2,22431,0.69897000433602),(136286,166,2,23190,2),(136287,166,2,23191,1),(136288,166,2,22940,2.7958800173441),(136289,166,2,22351,0.66554624884907),(136290,166,2,23192,2),(136291,166,2,23193,2),(136292,166,2,22494,0.79588001734408),(136293,166,2,23194,1),(136294,166,2,22530,1.0457574905607),(136295,166,2,23195,1),(136296,166,2,22441,0.30980391997149),(136297,166,2,22640,1.0457574905607),(136298,166,2,23196,1),(136299,166,2,23197,1),(136300,166,2,23198,1),(136301,166,2,23199,1),(136302,166,2,22173,0.22184874961636),(136303,166,2,23200,1),(136304,166,2,23201,2),(136305,166,2,23202,1),(136306,166,2,23203,3),(136307,166,2,23204,1),(136308,166,2,23205,1),(136309,166,2,22325,0.29073003902417),(136310,166,2,23206,2),(136311,166,2,23207,8),(136312,166,2,23208,1),(136313,166,2,23209,1),(136314,166,2,23210,1),(136315,166,2,23211,1),(136316,166,2,23212,1),(136317,166,2,23213,1),(136318,166,2,22439,0.30980391997149),(136319,166,2,23214,1),(136320,166,2,22548,0.52287874528034),(136321,166,2,23215,2),(136322,166,2,23216,1),(136323,166,2,22331,1.397940008672),(136324,166,2,22583,2.0969100130081),(136325,166,2,22346,0.09151498112135),(136326,166,2,23217,0.69897000433602),(136327,166,2,23218,2),(136328,166,2,23219,1),(136329,166,2,23220,1),(136330,166,2,23221,1),(136331,166,2,22238,0),(136332,166,2,22963,0.69897000433602),(136333,166,2,22820,0.39794000867204),(136334,166,2,22427,1.397940008672),(136335,166,2,23222,1),(136336,166,2,23223,1),(136337,166,2,23224,3),(136338,166,2,22478,0.52287874528034),(136339,166,2,23225,1),(136340,166,2,22852,0.69897000433602),(136341,166,2,22188,0.52287874528034),(136342,166,2,22206,0.15490195998574),(136343,166,2,22221,0.15490195998574),(136344,166,2,23226,2),(136345,166,2,23227,1),(136346,166,2,23228,1),(136347,166,2,23229,1),(136348,166,2,23230,4),(136349,166,2,23231,1),(136350,166,2,23232,1),(136351,166,2,23233,1),(136352,166,2,23234,1),(136353,166,2,23235,1),(136354,166,2,22376,0.52287874528034),(136355,166,2,23236,1),(136356,166,2,23237,1),(136357,166,2,22662,1.0457574905607),(136358,166,2,23238,1),(136359,166,2,22265,0),(136360,166,2,23152,0.69897000433602),(136361,166,2,23239,1),(136362,166,2,23240,2),(136363,166,2,23241,2),(136364,166,2,23242,1),(136365,166,2,23243,1),(136366,166,2,23244,2),(136367,166,2,22320,0.30102999566398),(136368,166,2,23245,1),(136369,166,2,23246,1),(136370,166,2,23130,0.69897000433602),(136371,166,2,23247,1),(136372,166,2,23248,1),(136373,166,2,23249,1),(136374,166,2,23250,1),(136375,166,2,22193,0.69897000433602),(136376,166,2,22591,0.30102999566398),(136377,166,2,22199,0.69897000433602),(136378,166,2,23251,1),(136379,166,2,22179,0.30102999566398),(136380,166,2,23252,1),(136381,166,2,23067,0.69897000433602),(136382,166,2,23253,1),(136383,166,2,22642,0.69897000433602),(136384,166,2,22342,0.52287874528034),(136385,166,2,22534,0.39794000867204),(136386,166,2,22926,0.52287874528034),(136387,166,2,23254,1),(136388,166,2,23255,1),(136389,166,2,23256,1),(136390,166,2,23257,1),(136391,166,2,23258,1),(136392,166,2,23259,1),(136393,166,2,23260,1),(136394,166,2,23261,1),(136395,166,2,23134,1.397940008672),(136396,166,2,23262,1),(136397,166,2,23263,1),(136398,166,2,22929,0.52287874528034),(136399,166,2,23264,1),(136400,166,2,23265,2),(136401,166,2,23266,2),(136402,166,2,23267,1),(136403,166,2,23268,1),(136404,166,2,23269,1),(136405,166,2,23270,1),(136406,166,2,23271,1),(136407,166,2,23272,1),(136408,166,2,23273,1),(136409,166,2,23274,1),(136410,166,2,23275,1),(136411,166,2,23276,1),(136412,166,2,23277,1),(136413,166,2,23278,1),(136414,166,2,23279,1),(136415,166,2,23280,1),(136416,166,2,23281,1),(136417,166,2,22847,0.52287874528034),(136418,166,2,23282,1),(136419,166,2,22921,0.69897000433602),(136420,166,2,23283,2),(136421,166,2,23284,1),(136422,166,2,23285,1),(136423,166,2,22550,0.52287874528034),(136424,166,2,23286,1),(136425,166,2,23287,1),(136426,166,2,23288,1),(136427,166,2,22223,0.52287874528034),(136428,166,2,22283,0.22184874961636),(136429,166,2,23289,1),(136430,166,2,23290,1),(136431,166,2,22819,0.52287874528034),(136432,166,2,23291,1),(136433,166,2,23292,1),(136434,166,2,22643,0.69897000433602),(136435,166,2,23293,1),(136436,166,2,22271,0.39794000867204),(136437,166,2,22535,0.30102999566398),(136438,166,2,23294,1),(136439,166,2,23295,0.69897000433602),(136440,166,2,23296,1),(136441,166,2,23297,0.52287874528034),(136442,166,2,23113,0.69897000433602),(136443,166,2,23298,0.69897000433602),(136444,166,2,22451,0.52287874528034),(136445,166,2,23299,1),(136446,166,2,23300,1),(136447,166,2,22468,0.52287874528034),(136448,166,2,23301,1),(136449,167,2,23154,0.69897000433602),(136450,167,2,22170,0.045757490560675),(136451,167,2,22171,0.39794000867204),(136452,167,2,23302,0.69897000433602),(136453,167,2,23303,0.69897000433602),(136454,167,2,23304,3.4948500216801),(136455,167,2,22181,0),(136456,167,2,22380,2.0915149811214),(136457,167,2,23305,1),(136458,167,2,22490,0.79588001734408),(136459,167,2,23306,1),(136460,167,2,22441,0.15490195998574),(136461,167,2,22639,0.69897000433602),(136462,167,2,23307,1),(136463,167,2,23308,1),(136464,167,2,22797,0.69897000433602),(136465,167,2,23309,1),(136466,167,2,23310,1),(136467,167,2,23311,1),(136468,167,2,22462,2.0969100130081),(136469,167,2,22379,0.39794000867204),(136470,167,2,22376,2.0915149811214),(136471,167,2,23312,1),(136472,167,2,22425,2.7958800173441),(136473,167,2,23313,3.4948500216801),(136474,167,2,22306,1.397940008672),(136475,167,2,23314,2),(136476,167,2,23315,2),(136477,167,2,22832,0.90308998699194),(136478,167,2,23316,1),(136479,167,2,23317,1),(136480,167,2,23318,2),(136481,167,2,23319,1),(136482,167,2,23320,1),(136483,167,2,23321,2),(136484,167,2,23322,1),(136485,167,2,23323,1),(136486,167,2,23324,0.69897000433602),(136487,167,2,23325,1),(136488,167,2,23326,1),(136489,167,2,22204,0.13727247168203),(136490,167,2,23327,1),(136491,167,2,23031,1.397940008672),(136492,167,2,22247,0.52287874528034),(136493,167,2,22248,0.30102999566398),(136494,167,2,23328,0.69897000433602),(136495,167,2,23297,0.52287874528034),(136496,167,2,23329,1.397940008672),(136497,167,2,23330,0.69897000433602),(136498,167,2,23331,0.69897000433602),(136499,167,2,23332,1),(136500,167,2,22325,0.096910013008056),(136501,167,2,22417,0.69897000433602),(136502,167,2,23333,1),(136503,167,2,22746,1.2041199826559),(136504,167,2,23334,0.69897000433602),(136505,167,2,23335,1),(136506,167,2,22593,1.397940008672),(136507,167,2,23145,0.69897000433602),(136508,167,2,23336,2),(136509,167,2,23337,1),(136510,167,2,23338,1),(136511,167,2,23339,1),(136512,167,2,23000,0.52287874528034),(136513,167,2,23340,1),(136514,167,2,22395,0.52287874528034),(136515,167,2,23341,1),(136516,167,2,22904,0.69897000433602),(136517,167,2,23014,1.0457574905607),(136518,167,2,23342,1),(136519,167,2,23217,0.69897000433602),(136520,167,2,22192,0.045757490560675),(136521,167,2,23343,1),(136522,167,2,23298,0.69897000433602),(136523,167,2,22542,0.52287874528034),(136524,167,2,23344,1),(136525,167,2,23345,1),(136526,167,2,23346,1),(136527,167,2,23001,0.52287874528034),(136528,167,2,22238,0),(136529,167,2,22439,0.30980391997149),(136530,167,2,23347,1),(136531,167,2,23348,1),(136532,167,2,23349,2),(136533,167,2,23350,1),(136534,167,2,23351,1),(136535,167,2,22265,0),(136536,167,2,23352,1),(136537,167,2,23353,0.69897000433602),(136538,167,2,23354,1),(136539,167,2,23355,1),(136540,167,2,23062,0.69897000433602),(136541,167,2,23356,1),(136542,167,2,23357,0.69897000433602),(136543,167,2,23043,0.52287874528034),(136544,167,2,23182,0.69897000433602),(136545,167,2,23358,1),(136546,167,2,23359,1),(136547,167,2,23360,0.69897000433602),(136548,167,2,22640,0.52287874528034),(136549,167,2,23361,1),(136550,167,2,22183,0),(136551,167,2,23362,0.69897000433602),(136552,167,2,23363,1),(136553,167,2,22674,0.69897000433602),(136554,167,2,23364,1),(136555,167,2,23365,1),(136556,167,2,23366,1),(136557,167,2,23367,1),(136558,167,2,23368,1),(136559,167,2,23369,1),(136560,167,2,23370,1),(136561,168,2,23371,1),(136562,168,2,22170,0.045757490560675),(136563,168,2,22365,0.22184874961636),(136564,168,2,23329,0.69897000433602),(136565,168,2,23330,0.69897000433602),(136566,168,2,23331,0.69897000433602),(136567,168,2,23372,1),(136568,168,2,23373,2),(136569,168,2,23000,0.52287874528034),(136570,168,2,23304,4.1938200260161),(136571,168,2,22439,0.61960783994297),(136572,168,2,23334,0.69897000433602),(136573,168,2,23357,0.69897000433602),(136574,168,2,23313,0.69897000433602),(136575,168,2,22746,0.30102999566398),(136576,168,2,22442,3.4948500216801),(136577,168,2,22458,0.69897000433602),(136578,168,2,22470,0.39794000867204),(136579,168,2,23374,4),(136580,168,2,23375,1),(136581,168,2,22217,0.46470587995723),(136582,168,2,22206,0.30980391997149),(136583,168,2,22407,0.69897000433602),(136584,168,2,22201,0.13727247168203),(136585,168,2,23376,1),(136586,168,2,23377,1),(136587,168,2,23150,0.69897000433602),(136588,168,2,22313,0.79588001734408),(136589,168,2,22192,0.13727247168203),(136590,168,2,23378,1),(136591,168,2,22542,0.52287874528034),(136592,168,2,23379,1),(136593,168,2,23380,1),(136594,168,2,22181,0),(136595,168,2,22216,0.30980391997149),(136596,168,2,23328,0.69897000433602),(136597,168,2,23381,1),(136598,168,2,23382,1),(136599,168,2,22662,1.0457574905607),(136600,168,2,22325,0.096910013008056),(136601,168,2,22508,0.69897000433602),(136602,168,2,22494,0.39794000867204),(136603,168,2,22658,1.397940008672),(136604,168,2,23383,2),(136605,168,2,22400,0.69897000433602),(136606,168,2,23384,1),(136607,168,2,23385,1),(136608,168,2,22468,0.52287874528034),(136609,168,2,23156,0.69897000433602),(136610,168,2,23386,1),(136611,168,2,23387,1),(136612,168,2,22977,0.69897000433602),(136613,168,2,23360,1.397940008672),(136614,168,2,23388,3),(136615,168,2,23389,2),(136616,168,2,23390,1),(136617,168,2,23001,1.568636235841),(136618,168,2,22183,0),(136619,168,2,23391,1),(136620,168,2,23392,1),(136621,168,2,23393,1),(136622,168,2,23394,1),(136623,168,2,23395,1),(136624,168,2,22238,0),(136625,168,2,22379,0.39794000867204),(136626,168,2,22279,0.52287874528034),(136627,168,2,22204,0.09151498112135),(136628,168,2,23302,2.0969100130081),(136629,168,2,23303,2.0969100130081),(136630,168,2,23069,0.69897000433602),(136631,168,2,23396,1),(136632,168,2,23397,1),(136633,168,2,22316,0.39794000867204),(136634,168,2,23398,1),(136635,168,2,23399,1),(136636,168,2,23400,1),(136637,168,2,23401,1),(136638,168,2,23402,1),(136639,168,2,23403,1),(136640,168,2,22832,0.30102999566398),(136641,168,2,22495,1.397940008672),(136642,168,2,23404,1),(136643,168,2,23405,1),(136644,168,2,23406,1),(136645,168,2,23407,1),(136646,168,2,23408,1),(136647,168,2,23409,1),(136648,168,2,23410,1),(136649,168,2,23411,1),(136650,168,2,22490,0.79588001734408),(136651,168,2,23353,0.69897000433602),(136652,168,2,23297,1.0457574905607),(136653,168,2,23412,1),(136654,168,2,23413,1),(136655,168,2,22521,0.52287874528034),(136656,168,2,23414,1),(136657,168,2,23415,1),(136658,168,2,23416,1),(136659,168,2,23417,1),(136660,168,2,23418,1),(136661,168,2,23086,0.69897000433602),(136662,168,2,22380,0.52287874528034),(136663,168,2,22435,0.69897000433602),(136664,168,2,23362,0.69897000433602),(136665,168,2,23419,1),(136666,168,2,23420,1),(136667,168,2,22530,0.52287874528034),(136668,168,2,23295,0.69897000433602),(136669,168,2,23324,0.69897000433602),(136670,168,2,22346,0.045757490560675),(136671,168,2,22451,0.52287874528034),(136672,168,2,23421,1),(136673,168,2,22265,0),(136674,168,2,23422,1),(136675,168,2,23423,1),(136676,168,2,23424,1),(136677,168,2,23425,1),(136678,168,2,23426,1),(136679,168,2,23427,1),(136680,168,2,23428,1);

/*Table structure for table `document_freq_type` */

DROP TABLE IF EXISTS `document_freq_type`;

CREATE TABLE `document_freq_type` (
  `id` int(11) NOT NULL AUTO_INCREMENT,
  `type` varchar(255) DEFAULT NULL,
  PRIMARY KEY (`id`)
) ENGINE=InnoDB AUTO_INCREMENT=3 DEFAULT CHARSET=latin1;

/*Data for the table `document_freq_type` */

insert  into `document_freq_type`(`id`,`type`) values (1,'tf'),(2,'tf.idf');

/*Table structure for table `module` */

DROP TABLE IF EXISTS `module`;

CREATE TABLE `module` (
  `id` int(11) NOT NULL AUTO_INCREMENT,
  `name` varchar(255) DEFAULT NULL,
  `description` varchar(255) DEFAULT NULL,
  `url` varchar(255) DEFAULT NULL,
  `p_id` int(11) DEFAULT '0',
  PRIMARY KEY (`id`)
) ENGINE=InnoDB AUTO_INCREMENT=165 DEFAULT CHARSET=latin1;

/*Data for the table `module` */

insert  into `module`(`id`,`name`,`description`,`url`,`p_id`) values (42,'Module','-','module',45),(43,'User','-','user',45),(45,'Web Management','-','-',0),(66,'User Level','-','userLevel',45),(153,'SearchD','-','-',0),(154,'Document','-','document',153),(164,'Search','-','search',153);

/*Table structure for table `module_privilage` */

DROP TABLE IF EXISTS `module_privilage`;

CREATE TABLE `module_privilage` (
  `id` int(11) NOT NULL AUTO_INCREMENT,
  `module_id` int(11) DEFAULT NULL,
  `user_level_id` int(11) DEFAULT NULL,
  PRIMARY KEY (`id`),
  KEY `FK_module_privilage_to_user_level` (`user_level_id`),
  KEY `FK_module_privilage_to_module` (`module_id`),
  CONSTRAINT `FK_module_privilage_to_module` FOREIGN KEY (`module_id`) REFERENCES `module` (`id`) ON DELETE CASCADE ON UPDATE CASCADE,
  CONSTRAINT `FK_module_privilage_to_user_level` FOREIGN KEY (`user_level_id`) REFERENCES `user_level` (`id`) ON DELETE CASCADE ON UPDATE CASCADE
) ENGINE=InnoDB AUTO_INCREMENT=185 DEFAULT CHARSET=latin1;

/*Data for the table `module_privilage` */

insert  into `module_privilage`(`id`,`module_id`,`user_level_id`) values (38,42,2),(53,43,2),(117,66,2),(118,66,25),(119,66,28),(120,66,26),(171,154,2),(184,164,2);

/*Table structure for table `stop_word` */

DROP TABLE IF EXISTS `stop_word`;

CREATE TABLE `stop_word` (
  `id` int(11) NOT NULL AUTO_INCREMENT,
  `word` varchar(255) DEFAULT NULL,
  PRIMARY KEY (`id`)
) ENGINE=InnoDB AUTO_INCREMENT=6777 DEFAULT CHARSET=latin1;

/*Data for the table `stop_word` */

insert  into `stop_word`(`id`,`word`) values (6217,'yang\n'),(6218,'mampu\n'),(6219,'tentang\n'),(6220,'di\n'),(6221,'setelah\n'),(6222,'semua\n'),(6223,'hampir\n'),(6224,'juga\n'),(6225,'am\n'),(6226,'antara\n'),(6227,'dan\n'),(6228,'ada\n'),(6229,'seperti\n'),(6230,'jadi\n'),(6231,'karena\n'),(6232,'sudah\n'),(6233,'tetapi\n'),(6234,'oleh\n'),(6235,'bisa\n'),(6236,'tidak\n'),(6237,'sayang\n'),(6238,'melakukannya\n'),(6239,'lakukan\n'),(6240,'memang\n'),(6241,'baik\n'),(6242,'lain\n'),(6243,'pernah\n'),(6244,'setiap\n'),(6245,'untuk\n'),(6246,'dari\n'),(6247,'mendapatkan\n'),(6248,'punya\n'),(6249,'telah\n'),(6250,'memiliki\n'),(6251,'dia\n'),(6252,'miliknya\n'),(6253,'bagaimana\n'),(6254,'bagaimanapun\n'),(6255,'i\n'),(6256,'jika\n'),(6257,'ke\n'),(6258,'dalam\n'),(6259,'itu\n'),(6260,'sama\n'),(6261,'paling\n'),(6262,'biarkan\n'),(6263,'mungkin\n'),(6264,'aku\n'),(6265,'sebagian\n'),(6266,'besar\n'),(6267,'harus\n'),(6268,'saya\n'),(6269,'off\n'),(6270,'sering\n'),(6271,'pada\n'),(6272,'hanya\n'),(6273,'atau\n'),(6274,'kita\n'),(6275,'sendiri\n'),(6276,'agak\n'),(6277,'kata\n'),(6278,'begitu\n'),(6279,'beberapa\n'),(6280,'mereka\n'),(6281,'kemudian\n'),(6282,'sana\n'),(6283,'ini\n'),(6284,'tis\n'),(6285,'sungguh\n'),(6286,'keinginan\n'),(6287,'adalah\n'),(6288,'kami\n'),(6289,'apa\n'),(6290,'kapan\n'),(6291,'mana\n'),(6292,'sementara\n'),(6293,'siapa\n'),(6294,'mengapa\n'),(6295,'akan\n'),(6296,'dengan\n'),(6297,'belum\n'),(6298,'anda\n'),(6299,'sebuah\n'),(6300,'atas\n'),(6301,'menurut\n'),(6302,'sesuai\n'),(6303,'seberang\n'),(6304,'sebenarnya\n'),(6305,'sekali\n'),(6306,'lagi\n'),(6307,'terhadap\n'),(6308,'memungkinkan\n'),(6309,'sendirian\n'),(6310,'bersama\n'),(6311,'meskipun\n'),(6312,'selalu\n'),(6313,'apapun\n'),(6314,'siapapun\n'),(6315,'anyways\n'),(6316,'saja\n'),(6317,'selain\n'),(6318,'muncul\n'),(6319,'menghargai\n'),(6320,'tepat\n'),(6321,'sekitar\n'),(6322,'samping\n'),(6323,'bertanya\n'),(6324,'terkait\n'),(6325,'tersedia\n'),(6326,'jauh\n'),(6327,'sangat\n'),(6328,'menjadi\n'),(6329,'sebab\n'),(6330,'sebelum\n'),(6331,'sebelumnya\n'),(6332,'belakang\n'),(6333,'percaya\n'),(6334,'bawah\n'),(6335,'terbaik\n'),(6336,'lebih\n'),(6337,'luar\n'),(6338,'keduanya\n'),(6339,'singkat\n'),(6340,'namun\n'),(6341,'ayo\n'),(6342,'c\n'),(6343,'datang\n'),(6344,'cant\n'),(6345,'penyebab\n'),(6346,'tertentu\n'),(6347,'tentu\n'),(6348,'perubahan\n'),(6349,'jelas\n'),(6350,'co\n'),(6351,'com\n'),(6352,'akibatnya\n'),(6353,'mempertimbangkan\n'),(6354,'berisi\n'),(6355,'mengandung\n'),(6356,'saat\n'),(6357,'pasti\n'),(6358,'dijelaskan\n'),(6359,'berbeda\n'),(6360,'melakukan\n'),(6361,'dilakukan\n'),(6362,'selama\n'),(6363,'edu\n'),(6364,'misalnya\n'),(6365,'delapan\n'),(6366,'tempat\n'),(6367,'cukup\n'),(6368,'seluruhnya\n'),(6369,'terutama\n'),(6370,'et\n'),(6371,'dll\n'),(6372,'bahkan\n'),(6373,'orang\n'),(6374,'semuanya\n'),(6375,'mana-mana\n'),(6376,'mantan\n'),(6377,'kecuali\n'),(6378,'sedikit\n'),(6379,'kelima\n'),(6380,'pertama\n'),(6381,'lima\n'),(6382,'diikuti\n'),(6383,'berikut\n'),(6384,'sebagainya\n'),(6385,'empat\n'),(6386,'lanjut\n'),(6387,'mendapat\n'),(6388,'diberikan\n'),(6389,'memberi\n'),(6390,'pergi\n'),(6391,'salam\n'),(6392,'terjadi\n'),(6393,'halo\n'),(6394,'membantu\n'),(6395,'maka\n'),(6396,'sini\n'),(6397,'inilah\n'),(6398,'selanjutnya\n'),(6399,'disini\n'),(6400,'sesudah\n'),(6401,'dirinya\n'),(6402,'hi\n'),(6403,'nya\n'),(6404,'mudah-mudahan\n'),(6405,'howbeit\n'),(6406,'yaitu\n'),(6407,'diabaikan\n'),(6408,'langsung\n'),(6409,'lantaran\n'),(6410,'inc\n'),(6411,'menunjukkan\n'),(6412,'ditunjukkan\n'),(6413,'batin\n'),(6414,'sejauh\n'),(6415,'sebaliknya\n'),(6416,'bukan\n'),(6417,'terus\n'),(6418,'tahu\n'),(6419,'diketahui\n'),(6420,'terakhir\n'),(6421,'akhir-akhir\n'),(6422,'kurang\n'),(6423,'supaya\n'),(6424,'mari\n'),(6425,'suka\n'),(6426,'kemungkinan\n'),(6427,'kecil\n'),(6428,'lihat\n'),(6429,'mencari\n'),(6430,'tampak\n'),(6431,'ltd\n'),(6432,'banyak\n'),(6433,'berarti\n'),(6434,'apalagi\n'),(6435,'diriku\n'),(6436,'nama\n'),(6437,'nd\n'),(6438,'dekat\n'),(6439,'perlu\n'),(6440,'butuh\n'),(6441,'kebutuhan\n'),(6442,'baru\n'),(6443,'berikutnya\n'),(6444,'sembilan\n'),(6445,'satu\n'),(6446,'biasanya\n'),(6447,'novel\n'),(6448,'sekarang\n'),(6449,'oh\n'),(6450,'ok\n'),(6451,'oke\n'),(6452,'tua\n'),(6453,'diri\n'),(6454,'keluar\n'),(6455,'secara\n'),(6456,'keseluruhan\n'),(6457,'khususnya\n'),(6458,'per\n'),(6459,'ditempatkan\n'),(6460,'silahkan\n'),(6461,'plus\n'),(6462,'menyediakan\n'),(6463,'que\n'),(6464,'qv\n'),(6465,'rd\n'),(6466,'kembali\n'),(6467,'benar-benar\n'),(6468,'mengenai\n'),(6469,'tanpa\n'),(6470,'memandang\n'),(6471,'menganggap\n'),(6472,'relatif\n'),(6473,'masing-masing\n'),(6474,'benar\n'),(6475,'melihat\n'),(6476,'berkata\n'),(6477,'mengatakan\n'),(6478,'kedua\n'),(6479,'tampaknya\n'),(6480,'dilihat\n'),(6481,'masuk\n'),(6482,'akal\n'),(6483,'dikirim\n'),(6484,'serius\n'),(6485,'tujuh\n'),(6486,'seharusnya\n'),(6487,'boleh\n'),(6488,'sejak\n'),(6489,'enam\n'),(6490,'seseorang\n'),(6491,'entah\n'),(6492,'sesuatu\n'),(6493,'kadang\n'),(6494,'kadang-kadang\n'),(6495,'suatu\n'),(6496,'segera\n'),(6497,'maaf\n'),(6498,'ditentukan\n'),(6499,'tentukan\n'),(6500,'menentukan\n'),(6501,'masih\n'),(6502,'sub\n'),(6503,'sup\n'),(6504,'t\n'),(6505,'menerima\n'),(6506,'mengambil\n'),(6507,'katakan\n'),(6508,'cenderung\n'),(6509,'th\n'),(6510,'terima\n'),(6511,'kasih\n'),(6512,'thanx\n'),(6513,'thats\n'),(6514,'situ\n'),(6515,'demikian\n'),(6516,'dalamnya\n'),(6517,'theres\n'),(6518,'d\n'),(6519,'berpikir\n'),(6520,'ketiga\n'),(6521,'teliti\n'),(6522,'seksama\n'),(6523,'tiga\n'),(6524,'melalui\n'),(6525,'seluruh\n'),(6526,'sehingga\n'),(6527,'bersama-sama\n'),(6528,'arah\n'),(6529,'mencoba\n'),(6530,'dua\n'),(6531,'kali\n'),(6532,'un\n'),(6533,'sayangnya\n'),(6534,'sampai\n'),(6535,'kepada\n'),(6536,'penggunaan\n'),(6537,'digunakan\n'),(6538,'berguna\n'),(6539,'menggunakan\n'),(6540,'nilai\n'),(6541,'berbagai\n'),(6542,'vs\n'),(6543,'ingin\n'),(6544,'cara\n'),(6545,'selamat\n'),(6546,'whereafter\n'),(6547,'sedangkan\n'),(6548,'dimana\n'),(6549,'pun\n'),(6550,'apakah\n'),(6551,'utuh\n'),(6552,'mau\n'),(6553,'bertanya-tanya\n'),(6554,'ya\n'),(6555,'kau\n'),(6556,'milikmu\n'),(6557,'dirimu\n'),(6558,'nol\n'),(6559,'memperhatikan\n'),(6560,'a\n'),(6561,'aduh\n'),(6562,'agar\n'),(6563,'akhir\n'),(6564,'antaranya\n'),(6565,'apa-apa\n'),(6566,'awal\n'),(6567,'ayolah\n'),(6568,'b\n'),(6569,'bagian\n'),(6570,'bahwa\n'),(6571,'bapak\n'),(6572,'barang\n'),(6573,'tadi\n'),(6574,'baru-baru\n'),(6575,'barusan\n'),(6576,'bekas\n'),(6577,'beliau\n'),(6578,'berakhir\n'),(6579,'berbalik\n'),(6580,'bergerak\n'),(6581,'besok\n'),(6582,'biasa\n'),(6583,'bu\n'),(6584,'buat\n'),(6585,'bulat\n'),(6586,'con\n'),(6587,'contoh\n'),(6588,'dahulu\n'),(6589,'lain-lain\n'),(6590,'depan\n'),(6591,'detail\n'),(6592,'detik\n'),(6593,'manapun\n'),(6594,'disisi\n'),(6595,'tengah-tengah\n'),(6596,'abaikan\n'),(6597,'diambil\n'),(6598,'dibuat\n'),(6599,'didapat\n'),(6600,'dimanakah\n'),(6601,'dinyatakan\n'),(6602,'diperlukan\n'),(6603,'ditindaklanjuti\n'),(6604,'puluh\n'),(6605,'belas\n'),(6606,'e\n'),(6607,'ex\n'),(6608,'g\n'),(6609,'giliran\n'),(6610,'h\n'),(6611,'hadir\n'),(6612,'hadirat\n'),(6613,'hadirin\n'),(6614,'hai\n'),(6615,'haiyaa\n'),(6616,'hal\n'),(6617,'hamba\n'),(6618,'hari\n'),(6619,'hello\n'),(6620,'heran\n'),(6621,'ibu\n'),(6622,'iya\n'),(6623,'j\n'),(6624,'jangan\n'),(6625,'jatuh\n'),(6626,'jenis\n'),(6627,'juta\n'),(6628,'k\n'),(6629,'kanan\n'),(6630,'karenanya\n'),(6631,'kemana\n'),(6632,'kemari\n'),(6633,'kebanyakan\n'),(6634,'kelompok\n'),(6635,'kemanakah\n'),(6636,'kemarin\n'),(6637,'kenapa\n'),(6638,'kepentingan\n'),(6639,'keterangan\n'),(6640,'ketika\n'),(6641,'kira\n'),(6642,'kira-kira\n'),(6643,'kiranya\n'),(6644,'kosong\n'),(6645,'kursus\n'),(6646,'l\n'),(6647,'la\n'),(6648,'pula\n'),(6649,'lainnya\n'),(6650,'laki\n'),(6651,'laki-laki\n'),(6652,'lalu\n'),(6653,'lanjutkan\n'),(6654,'lawan\n'),(6655,'layak\n'),(6656,'tinggi\n'),(6657,'lewat\n'),(6658,'lusa\n'),(6659,'m\n'),(6660,'malah\n'),(6661,'malahan\n'),(6662,'masa\n'),(6663,'masalah\n'),(6664,'masing\n'),(6665,'melanjutkan\n'),(6666,'membuat\n'),(6667,'membuka\n'),(6668,'meminta\n'),(6669,'mempunyai\n'),(6670,'menarik\n'),(6671,'menerus\n'),(6672,'mengisi\n'),(6673,'menjaga\n'),(6674,'menyebabkan\n'),(6675,'menyuruh\n'),(6676,'merasa\n'),(6677,'mestinya\n'),(6678,'miliar\n'),(6679,'milikkita\n'),(6680,'mr\n'),(6681,'mrs\n'),(6682,'mulai\n'),(6683,'n\n'),(6684,'nampak\n'),(6685,'nomer\n'),(6686,'nomor\n'),(6687,'non\n'),(6688,'nyonya\n'),(6689,'o\n'),(6690,'on\n'),(6691,'p\n'),(6692,'paduka\n'),(6693,'pak\n'),(6694,'panjang\n'),(6695,'penting\n'),(6696,'penuh\n'),(6697,'penyajian\n'),(6698,'perihal\n'),(6699,'persis\n'),(6700,'point\n'),(6701,'pria\n'),(6702,'r\n'),(6703,'rata\n'),(6704,'rata-rata\n'),(6705,'ratus\n'),(6706,'rendah\n'),(6707,'ribu\n'),(6708,'runcing\n'),(6709,'rupiah\n'),(6710,'s\n'),(6711,'saudara\n'),(6712,'saudari\n'),(6713,'sebagai\n'),(6714,'sebagaimana\n'),(6715,'sebelas\n'),(6716,'segala\n'),(6717,'sejumlah\n'),(6718,'sekelompok\n'),(6719,'selama-lamanya\n'),(6720,'semoga\n'),(6721,'seorang\n'),(6722,'sepanjang\n'),(6723,'sepenuhnya\n'),(6724,'sepuluh\n'),(6725,'sesungguhnya\n'),(6726,'setengah\n'),(6727,'setidaknya\n'),(6728,'siapakah\n'),(6729,'sisi\n'),(6730,'nanti\n'),(6731,'sulung\n'),(6732,'sungguh-sungguh\n'),(6733,'tahun\n'),(6734,'tak\n'),(6735,'satupun\n'),(6736,'seorangpun\n'),(6737,'tambah\n'),(6738,'tanya\n'),(6739,'tapi\n'),(6740,'tebal\n'),(6741,'terbaru\n'),(6742,'terbelakang\n'),(6743,'terbesar\n'),(6744,'terbuka\n'),(6745,'terkecil\n'),(6746,'terlalu\n'),(6747,'terlihat\n'),(6748,'ternyata\n'),(6749,'terpanjang\n'),(6750,'tertarik\n'),(6751,'tertinggi\n'),(6752,'terus-menerus\n'),(6753,'dapat\n'),(6754,'tipis\n'),(6755,'titik\n'),(6756,'triliun\n'),(6757,'tuan\n'),(6758,'u\n'),(6759,'umum\n'),(6760,'umumnya\n'),(6761,'v\n'),(6762,'w\n'),(6763,'www\n'),(6764,'x\n'),(6765,'y\n'),(6766,'meski\n'),(6767,'sebanyak\n'),(6768,'cuma\n'),(6769,'percuma\n'),(6770,'para\n'),(6771,'ia\n'),(6772,'rp\n'),(6773,'bagi\n'),(6774,'tersebut\n'),(6775,'merupakan\n'),(6776,'&nbsp;\n');

/*Table structure for table `term` */

DROP TABLE IF EXISTS `term`;

CREATE TABLE `term` (
  `id` int(11) NOT NULL AUTO_INCREMENT,
  `term` varchar(255) DEFAULT NULL,
  `freq` int(11) DEFAULT NULL,
  PRIMARY KEY (`id`),
  KEY `id` (`id`)
) ENGINE=InnoDB AUTO_INCREMENT=23429 DEFAULT CHARSET=latin1;

/*Data for the table `term` */

insert  into `term`(`id`,`term`,`freq`) values (22170,'kompas.com',9),(22171,'?',4),(22172,'aplikasi',23),(22173,'pesan',14),(22174,'instan',3),(22175,'populer',4),(22176,'blackberry',32),(22177,'messenger',7),(22178,'(bbm)',5),(22179,'telah',9),(22180,'tersedia',4),(22181,'di',69),(22182,'ios',8),(22183,'dan',46),(22184,'android',14),(22185,'sejak',3),(22186,'22',2),(22187,'oktober',2),(22188,'lalu.',4),(22189,'antara',5),(22190,'dua',3),(22191,'platform',8),(22192,'yang',56),(22193,'merupakan',2),(22194,'pesaing',1),(22195,'langsung',2),(22196,'tersebut,',3),(22197,'mana',2),(22198,'penggunanya',1),(22199,'paling',2),(22200,'gandrung',1),(22201,'dengan',31),(22202,'bbm?',1),(22203,'jawaban',1),(22204,'dari',27),(22205,'pertanyaan',1),(22206,'itu',14),(22207,'mungkin',1),(22208,'tecermin',1),(22209,'lewat',3),(22210,'tingkat',2),(22211,'popularitas',1),(22212,'bbm',28),(22213,'toko',4),(22214,'masing-masing',1),(22215,'platform.',2),(22216,'dalam',15),(22217,'hal',13),(22218,'ini,',2),(22219,'sebagaimana',1),(22220,'diamati',1),(22221,'oleh',9),(22222,'bgr,',1),(22223,'ternyata',3),(22224,'secara',5),(22225,'konsisten',1),(22226,'memiliki',5),(22227,'ranking',2),(22228,'lebih',8),(22229,'tinggi',2),(22230,'apple',2),(22231,'app',3),(22232,'store',3),(22233,'ketimbang',4),(22234,'google',2),(22235,'play',1),(22236,'store.',1),(22237,'chatting',2),(22238,'tersebut',18),(22239,'bercokol',1),(22240,'urutan',2),(22241,'5',1),(22242,'besar',3),(22243,'top',1),(22244,'download',3),(22245,'50',3),(22246,'negara.',1),(22247,'sementara',3),(22248,'itu,',6),(22249,'versi',3),(22250,'hanya',4),(22251,'masuk',1),(22252,'10',6),(22253,'daftar',3),(22254,'unduhan',1),(22255,'terpopuler',3),(22256,'indonesia,',1),(22257,'afrika',1),(22258,'selatan,',1),(22259,'uni',1),(22260,'emirat',1),(22261,'arab,',1),(22262,'arab',1),(22263,'saudi.',1),(22264,'apakah',2),(22265,'ini',23),(22266,'berarti',2),(22267,'penerimaan',1),(22268,'android?',2),(22269,'boleh',1),(22270,'jadi.',1),(22271,'jika',6),(22272,'benar',2),(22273,'begitu,',1),(22274,'lalu',2),(22275,'apa',3),(22276,'penyebabnya?',1),(22277,'bgr',1),(22278,'membandingkan',1),(22279,'tren',4),(22280,'kik,',2),(22281,'sebuah',3),(22282,'layanan',7),(22283,'lain',7),(22284,'jumlah',4),(22285,'pengguna',16),(22286,'sebanding',1),(22287,'sama-sama',1),(22288,'berbasis',3),(22289,'waterloo,',1),(22290,'kanada.',1),(22291,'kik',1),(22292,'spesifik',2),(22293,'menyasar',2),(22294,'segmen',1),(22295,'remaja.',1),(22296,'ditemukan',2),(22297,'bertolak',1),(22298,'belakang',2),(22299,'dibandingkan',2),(22300,'bbm,',4),(22301,'yaitu',1),(22302,'ios.',1),(22303,'misalnya,',1),(22304,'duduk',1),(22305,'ke-38',1),(22306,'amerika',3),(22307,'serikat,',1),(22308,'tetapi',2),(22309,'mampu',2),(22310,'menembus',1),(22311,'11',1),(22312,'playstore',1),(22313,'negara',8),(22314,'sama.',1),(22315,'serupa',1),(22316,'juga',6),(22317,'berlaku',1),(22318,'beberapa',4),(22319,'lain,',3),(22320,'seperti',10),(22321,'finlandia,',1),(22322,'inggris,',1),(22323,'kanada,',1),(22324,'kuwait.',1),(22325,'ada',11),(22326,'kemungkinan',3),(22327,'menarik',2),(22328,'bahwa',10),(22329,'target',2),(22330,'audience',1),(22331,'profesional',4),(22332,'dewasa',1),(22333,'karena',2),(22334,'demografi',1),(22335,'memang',4),(22336,'banyak',5),(22337,'tersebut.',4),(22338,'lama',1),(22339,'digunakan',1),(22340,'kalangan',2),(22341,'korporat,',1),(22342,'mereka',3),(22343,'beralih',1),(22344,'ke',11),(22345,'iphone',7),(22346,'bisa',14),(22347,'turut',2),(22348,'membawa',1),(22349,'lalu,',3),(22350,'dipakai',3),(22351,'untuk',25),(22352,'kegiatan',3),(22353,'bisnis',1),(22354,'sekarang,',1),(22355,'masih',3),(22356,'sulit',1),(22357,'diketahui.',1),(22358,'jelas,',1),(22359,'sejauh',1),(22360,'tampaknya',1),(22361,'disambut',1),(22362,'hangat',1),(22363,'android.',2),(22364,'makau,',1),(22365,'-',6),(22366,'kehadiran',2),(22367,'messengger',1),(22368,'ponsel',8),(22369,'mendongkrak',1),(22370,'penggunaan',3),(22371,'andromax',7),(22372,'smartfren,',1),(22373,'khususnya',1),(22374,'harga',5),(22375,'kurang',3),(22376,'rp',12),(22377,'1',5),(22378,'juta.',7),(22379,'menjadi',6),(22380,'pasar',7),(22381,'empuk',1),(22382,'bagi',2),(22383,'smartfren',5),(22384,'masa',2),(22385,'datang.',1),(22386,'head',1),(22387,'of',6),(22388,'marketing',1),(22389,'communication',1),(22390,'pt',3),(22391,'telecom',1),(22392,'(smartfren)',1),(22393,'roberto',4),(22394,'saputra',1),(22395,'mengatakan,',4),(22396,'meski',1),(22397,'penjualan',3),(22398,'jaringan',5),(22399,'cdma',1),(22400,'mengalami',4),(22401,'penurunan',1),(22402,'hingga',2),(22403,'persen,',1),(22404,'peningkatan',2),(22405,'kali',5),(22406,'lipat.',2),(22407,'disebabkan',2),(22408,'ketersediaan',1),(22409,'perangkat',8),(22410,'android,',1),(22411,'termasuk',3),(22412,'handset',3),(22413,'andromax.',1),(22414,'\"kenaikannya',1),(22415,'kelas',3),(22416,'entry',4),(22417,'level',4),(22418,'sebelumnya',2),(22419,'sebanyak',3),(22420,'2.000',1),(22421,'(aktivasi',1),(22422,'bbm),',1),(22423,'sekarang',1),(22424,'5.000',1),(22425,'per',5),(22426,'hari,\"',1),(22427,'kata',3),(22428,'sela-sela',1),(22429,'kunjungan',1),(22430,'bersama',1),(22431,'wartawan',2),(22432,'china,',2),(22433,'jumat',3),(22434,'(15/11/2013).',1),(22435,'melihat',2),(22436,'optimistis',1),(22437,'bawah',2),(22438,'juta',7),(22439,'akan',21),(22440,'kenaikan',1),(22441,'pada',13),(22442,'tahun',10),(22443,'depan.',2),(22444,'didorong',1),(22445,'stagnansi',1),(22446,'smartphone',1),(22447,'kisaran',1),(22448,'7',1),(22449,'persaingan',1),(22450,'ketat',1),(22451,'terjadi',3),(22452,'3',1),(22453,'juta-rp',1),(22454,'4',1),(22455,'menargetkan',1),(22456,'bundel',1),(22457,'1,3',1),(22458,'depan',3),(22459,'digandakan',1),(22460,'\"sekarang',1),(22461,'kontribusi',1),(22462,'persen',4),(22463,'penjualan.',1),(22464,'kontribusinya',1),(22465,'mencapai',1),(22466,'80',1),(22467,'persen,\"',1),(22468,'ujar',3),(22469,'roberto.',1),(22470,'saat',5),(22471,'c',1),(22472,'produk',1),(22473,'andalan',1),(22474,'level.',1),(22475,'buatan',1),(22476,'hisense',1),(22477,'dibanderol',1),(22478,'sekitar',3),(22479,'700.000,',1),(22480,'menggunakan',3),(22481,'prosesor',1),(22482,'dual',1),(22483,'core',1),(22484,'sistem',1),(22485,'operasi',1),(22486,'seri',1),(22487,'jelly',2),(22488,'bean.',1),(22489,'akhir',2),(22490,'kembali',7),(22491,'mendatangkan',1),(22492,'satu',3),(22493,'varian',1),(22494,'baru',5),(22495,'setelah',4),(22496,'iphone,',1),(22497,'dikabarkan',1),(22498,'menyambangi',1),(22499,'lainnya.',2),(22500,'24',2),(22501,'jam',4),(22502,'mendatang',1),(22503,'dijanjikan',1),(22504,'hadir',2),(22505,'ipad',4),(22506,'ipod',3),(22507,'touch.',2),(22508,'kepala',2),(22509,'divisi',1),(22510,'andrew',1),(22511,'bocking',2),(22512,'mengungkapkan',1),(22513,'kepada',4),(22514,'situs',3),(22515,'slashgear,',1),(22516,'mulai',2),(22517,'besok,',1),(22518,'(15/10/2013),',1),(22519,'wi-fi',2),(22520,'artinya,',1),(22521,'kini',3),(22522,'mendukung',1),(22523,'wi-fi,',1),(22524,'tanpa',4),(22525,'koneksi',1),(22526,'3g,',2),(22527,'ngobrol',1),(22528,'kontak',3),(22529,'bbm-nya.',1),(22530,'menurut',4),(22531,'bocking,',1),(22532,'salah',4),(22533,'keunggulan',2),(22534,'adalah',6),(22535,'tidak',7),(22536,'terikat',1),(22537,'nomor',3),(22538,'telepon,',2),(22539,'pesaingnya,',1),(22540,'whatsapp.',2),(22541,'inilah',2),(22542,'membuat',4),(22543,'pemilik',1),(22544,'dukungan',1),(22545,'touch',1),(22546,'memakai',2),(22547,'bbm.',1),(22548,'namun,',3),(22549,'mengakui',1),(22550,'belum',5),(22551,'mengembangkan',1),(22552,'dirancang',1),(22553,'khusus',1),(22554,'(native)',1),(22555,'ipad.',1),(22556,'jadi,',1),(22557,'\"meminjam\"',1),(22558,'iphone.',2),(22559,'mengevaluasi',1),(22560,'chat',1),(22561,'berlayar',1),(22562,'lebar.',1),(22563,'dinilai',1),(22564,'menguntungkan,',1),(22565,'tak',9),(22566,'menutup',1),(22567,'kelak',1),(22568,'membuatnya.',1),(22569,'meluncurkan',2),(22570,'senin',2),(22571,'(21/10/2013).',1),(22572,'resmi',2),(22573,'lintas',3),(22574,'dapat',2),(22575,'diunduh',2),(22576,'tautan',2),(22577,'perhatian.',1),(22578,'molornya',1),(22579,'tanggal',1),(22580,'peluncuran,',1),(22581,'beredarnya',1),(22582,'tiruan,',1),(22583,'harus',4),(22584,'\"mengantre\"',1),(22585,'menikmati',1),(22586,'mengunduh',2),(22587,'aplikasi.',1),(22588,'walau',1),(22589,'demikian,',1),(22590,'menghambat',1),(22591,'orang',5),(22592,'meng-install',1),(22593,'hari',3),(22594,'pertama',2),(22595,'peluncurannya.',1),(22596,'selain',2),(22597,'ios,',1),(22598,'berjalan',1),(22599,'merek',1),(22600,'apapun',1),(22601,'asalkan',1),(22602,'4.0',1),(22603,'atas',3),(22604,'(ice',1),(22605,'cream',1),(22606,'sandwich',1),(22607,'bean).',1),(22608,'memanfaatkan',1),(22609,'mengirim',1),(22610,'teks,',1),(22611,'foto,',2),(22612,'voice',1),(22613,'note,',1),(22614,'serta',3),(22615,'grup',1),(22616,'diskusi',1),(22617,'berisi',3),(22618,'30',1),(22619,'kontak.',1),(22620,'fitur',3),(22621,'broadcast',4),(22622,'message',5),(22623,'disalahgunakan',1),(22624,'penyebaran',3),(22625,'berita',1),(22626,'palsu',6),(22627,'(hoax).',1),(22628,'kena',1),(22629,'getahnya',1),(22630,'justru',2),(22631,'penyedia',1),(22632,'blackberry.',2),(22633,'beredar',3),(22634,'(28/10/2013)',1),(22635,'menebarkan',1),(22636,'ancaman',2),(22637,'dimatikan',2),(22638,'(shutdown)',1),(22639,'pukul',2),(22640,'12.00',5),(22641,'malam',1),(22642,'ini.',4),(22643,'semua',2),(22644,'hilang',1),(22645,'ikut',3),(22646,'menyebarkan',1),(22647,'seluruh',4),(22648,'kontaknya.',1),(22649,'\"hukuman\"',1),(22650,'mengabaikan',1),(22651,'akun',2),(22652,'id',1),(22653,'pin',4),(22654,'dihapus',1),(22655,'48',3),(22656,'dibaca',1),(22657,'sekilas,',1),(22658,'maka',3),(22659,'tampak',1),(22660,'meyakinkan.',1),(22661,'kejanggalan',1),(22662,'sudah',7),(22663,'peluncuran',1),(22664,'waktu',5),(22665,'kejanggalannya,',1),(22666,'nama',3),(22667,'rim',1),(22668,'(seharusnya',1),(22669,'blackberry),',1),(22670,'sang',1),(22671,'pembuat',1),(22672,'hoax',3),(22673,'pun',2),(22674,'soal',2),(22675,'ceo',3),(22676,'thorsten',1),(22677,'heins,',1),(22678,'bukan',1),(22679,'jim',3),(22680,'balsamic.',1),(22681,'menarik,',1),(22682,'balsamic',2),(22683,'pernah',4),(22684,'\"menjabat\"',1),(22685,'sebagai',4),(22686,'whatsapp',3),(22687,'(baca:',1),(22688,'\"awas,',1),(22689,'jadi-jadian',1),(22690,'tebar',1),(22691,'ancaman\").',1),(22692,'jadi',1),(22693,'penyebar',2),(22694,'sama',1),(22695,'isu',2),(22696,'\"shutdown\"',1),(22697,'isi',1),(22698,'lengkap',1),(22699,'kompastekno',1),(22700,'kutip',1),(22701,'blackberryos,',1),(22702,'\"bbm',1),(22703,'is',2),(22704,'shutting',1),(22705,'down',2),(22706,'at',2),(22707,'oclock',1),(22708,'tonight',1),(22709,'if',3),(22710,'you',3),(22711,'don\'t',1),(22712,'this',4),(22713,'you\'ll',1),(22714,'your',4),(22715,'contact.',1),(22716,'from',1),(22717,'(ceo',1),(22718,'rim.',1),(22719,'blackberry)',1),(22720,'we',3),(22721,'have',1),(22722,'had',1),(22723,'an',1),(22724,'over',1),(22725,'usage',1),(22726,'user',1),(22727,'names',1),(22728,'on',1),(22729,'messenger.',1),(22730,'are',1),(22731,'requesting',1),(22732,'all',1),(22733,'users',1),(22734,'to',3),(22735,'forward',2),(22736,'their',1),(22737,'entire',1),(22738,'contact',1),(22739,'list.',1),(22740,'do',2),(22741,'not',3),(22742,'message,',1),(22743,'will',5),(22744,'take',1),(22745,'it',3),(22746,'as',10),(22747,'account',2),(22748,'invalid',1),(22749,'and',1),(22750,'deleted',1),(22751,'within',1),(22752,'the',3),(22753,'next',1),(22754,'hours.',1),(22755,'please',1),(22756,'ignore',1),(22757,'or',1),(22758,'no',1),(22759,'longer',1),(22760,'recognise',1),(22761,'pin.',1),(22762,'wish',1),(22763,'re-activate',1),(22764,'after',1),(22765,'has',1),(22766,'been',1),(22767,'deleted,',1),(22768,'a',1),(22769,'charge',1),(22770,'25.00',1),(22771,'be',1),(22772,'added.',1),(22773,'anda',1),(22774,'menerima',1),(22775,'melalui',1),(22776,'abaikan,',1),(22777,'jangan',1),(22778,'disebarluaskan,',1),(22779,'hapus',1),(22780,'saja.',1),(22781,'membantah',1),(22782,'\"hoax',1),(22783,'alert:',1),(22784,'#bbm',3),(22785,'shut',1),(22786,'midnight.',1),(22787,'but',1),(22788,'hey,',1),(22789,'look',1),(22790,'how',1),(22791,'great',1),(22792,'messaging',1),(22793,'works,\"',1),(22794,'tulis',1),(22795,'twitter',1),(22796,'@bbm,',1),(22797,'selasa',3),(22798,'(29/10/2013).',1),(22799,'betapa',1),(22800,'andalnya',1),(22801,'(bc)',1),(22802,'informasi',4),(22803,'cepat',3),(22804,'masif.',1),(22805,'diketahui,',1),(22806,'(22/10/2013).',1),(22807,'sehari,',1),(22808,'kali.',1),(22809,'membengkaknya',1),(22810,'pasti',1),(22811,'\"membantu\"',1),(22812,'kabar',1),(22813,'atas.',1),(22814,'sepertinya',1),(22815,'alasan',1),(22816,'begitu',1),(22817,'menanggapinya.',1),(22818,'biasa',1),(22819,'dilakukan',5),(22820,'para',4),(22821,'menemukan',2),(22822,'metode',1),(22823,'berbagi',1),(22824,'personal',1),(22825,'identification',1),(22826,'number',1),(22827,'(pin)',1),(22828,'caranya',1),(22829,'mem-posting',1),(22830,'gambar',2),(22831,'nomer',1),(22832,'atau',7),(22833,'qr',1),(22834,'code',1),(22835,'instagram.',2),(22836,'sini',1),(22837,'diperlukan',1),(22838,'menambah',1),(22839,'seseorang',1),(22840,'fungsinya',1),(22841,'mirip',1),(22842,'telepon',3),(22843,'fenomena',1),(22844,'diangkat',1),(22845,'permukaan',1),(22846,'crackberry.',1),(22847,'ketika',3),(22848,'mencoba',1),(22849,'mencari',3),(22850,'tagar',1),(22851,'instagram',3),(22852,'minggu',3),(22853,'jumlahnya',1),(22854,'600.000',1),(22855,'posting.',1),(22856,'mayoritas',1),(22857,'kode',1),(22858,'termuat',1),(22859,'ratusan',1),(22860,'ribu',1),(22861,'posting',2),(22862,'dimulai',1),(22863,'angka',1),(22864,'\"7\"',1),(22865,'dialokasikan',1),(22866,'(27/10/2013),',1),(22867,'naik',1),(22868,'hampir',2),(22869,'diluncurkan',1),(22870,'peminat',1),(22871,'membeludak.',1),(22872,'tempo',1),(22873,'saja,',1),(22874,'instant',1),(22875,'di-download',1),(22876,'mendaki',1),(22877,'tangga',1),(22878,'judul',1),(22879,'tiap-tiap',2),(22880,'ironisnya,',1),(22881,'akses',1),(22882,'bersangkutan',1),(22883,'world.',1),(22884,'kecil',1),(22885,'pula',3),(22886,'meramaikan',1),(22887,'\"pesta',1),(22888,'pin\"',1),(22889,'langsung.',1),(22890,'diketahui',1),(22891,'kapan',1),(22892,'vice',1),(22893,'president',1),(22894,'developer',1),(22895,'relation',1),(22896,'alec',1),(22897,'saunders',1),(22898,'gelaran',1),(22899,'asia',1),(22900,'september',1),(22901,'2013',1),(22902,'mengatakan',2),(22903,'\"belum',1),(22904,'datang',2),(22905,'dekat.\"',1),(22906,'cuma',1),(22907,'sambungan',1),(22908,'internet,',1),(22909,'dinas',3),(22910,'intelijen',3),(22911,'national',2),(22912,'security',2),(22913,'agency',2),(22914,'(nsa)',2),(22915,'memata-matai',3),(22916,'game',9),(22917,'multiplayer',2),(22918,'online',5),(22919,'populer.',1),(22920,'terungkap',1),(22921,'sejumlah',2),(22922,'dokumen',5),(22923,'rahasia',4),(22924,'diperoleh',1),(22925,'guardian',1),(22926,'mantan',3),(22927,'kontraktor',2),(22928,'nsa,',3),(22929,'edward',3),(22930,'snowden.',2),(22931,'badan',3),(22932,'disebut',1),(22933,'menginfiltrasi',1),(22934,'xbox',1),(22935,'live',1),(22936,'pemain.',1),(22937,'agen-agen',2),(22938,'nsa',13),(22939,'menyamarkan',1),(22940,'diri',5),(22941,'pemain',2),(22942,'massive',1),(22943,'role',1),(22944,'playing',1),(22945,'(mmorpg)',1),(22946,'world',2),(22947,'warcraft',1),(22948,'second',1),(22949,'life.',1),(22950,'usaha',2),(22951,'merekrut',1),(22952,'informan',1),(22953,'gamer.',1),(22954,'personel',3),(22955,'pemerintah',2),(22956,'fbi',1),(22957,'cia',1),(22958,'online.',1),(22959,'banyaknya',1),(22960,'agen',1),(22961,'memberikan',1),(22962,'petunjuk',1),(22963,'agar',2),(22964,'saling',1),(22965,'memasuki',1),(22966,'dunia',6),(22967,'online?',1),(22968,'tujuannya',1),(22969,'jauh-jauh',1),(22970,'teroris.',1),(22971,'ditulis',1),(22972,'2008',1),(22973,'menyebut',1),(22974,'komunitas',1),(22975,'gaming',1),(22976,'\"jaringan',1),(22977,'komunikasi',2),(22978,'\'target\'',1),(22979,'intelejen',1),(22980,'menyembunyikan',1),(22981,'diri\".',1),(22982,'samping',1),(22983,'aktif',1),(22984,'terlibat',1),(22985,'organisasi',1),(22986,'terorisme,',1),(22987,'\"target\"',1),(22988,'ilmuwan',1),(22989,'nuklir',1),(22990,'iran,',1),(22991,'hacker',1),(22992,'anggota',1),(22993,'hizbullah,',1),(22994,'hamas.',1),(22995,'dicurigai',3),(22996,'medium',3),(22997,'\"target',1),(22998,'berkomunikasi',1),(22999,'mencuci',1),(23000,'uang',3),(23001,'ekonomi',5),(23002,'game.',2),(23003,'kemudian',3),(23004,'berusaha',1),(23005,'memperoleh',3),(23006,'tentang',2),(23007,'profil',2),(23008,'karakter',1),(23009,'game,',1),(23010,'lokasi,',1),(23011,'rekaman',1),(23012,'percakapan.',1),(23013,'digabungkan',1),(23014,'data',5),(23015,'sosial',2),(23016,'facebook',1),(23017,'twitter,',1),(23018,'jejaring',1),(23019,'lainnya,',1),(23020,'komprehensif',1),(23021,'mengenai',1),(23022,'interaksi',1),(23023,'seorang',2),(23024,'\"target\".',1),(23025,'menyebutkan',1),(23026,'apabila',1),(23027,'mata-mata',2),(23028,'mengungkap',2),(23029,'aktivitas',1),(23030,'terorisme',1),(23031,'sebelumnya.',3),(23032,'bukti',1),(23033,'teroris',1),(23034,'benar-benar',1),(23035,'komunikasi.',1),(23036,'tapi',2),(23037,'memberangus',1),(23038,'menjual',1),(23039,'kartu',1),(23040,'kredit',1),(23041,'curian,',1),(23042,'berdasarkan',2),(23043,'hasil',3),(23044,'intelejensi',1),(23045,'penyusupan',1),(23046,'permisi.',1),(23047,'juru',1),(23048,'bicara',1),(23049,'blizzard,',1),(23050,'pengembang',1),(23051,'warcraft,',1),(23052,'pihaknya',1),(23053,'tahu',2),(23054,'menahu',1),(23055,'gamenya.',1),(23056,'\"kalaupun',1),(23057,'ada,',1),(23058,'sepengetahuan',1),(23059,'seizin',1),(23060,'kami.\"',1),(23061,'bak',1),(23062,'aksi',2),(23063,'dalan',1),(23064,'film',1),(23065,'hollywood,',1),(23066,'menyadap',4),(23067,'lima',2),(23068,'miliar',1),(23069,'setiap',2),(23070,'harinya.',1),(23071,'diungkapkan',1),(23072,'serangkaian',1),(23073,'wawancara',1),(23074,'dituangkan',1),(23075,'laporan',1),(23076,'washington',1),(23077,'post.',1),(23078,'miliaran',1),(23079,'mengetahui',1),(23080,'segala',1),(23081,'diinginkannya.',1),(23082,'memetakan',1),(23083,'pergerakan',2),(23084,'hubungan',2),(23085,'individu.',1),(23086,'memantau',2),(23087,'wilayah-wilayah',1),(23088,'cakupan',1),(23089,'menara',1),(23090,'base',1),(23091,'transceiver',1),(23092,'station',1),(23093,'(bts)',1),(23094,'terkoneksi',1),(23095,'sinyal',1),(23096,'menelusuri',1),(23097,'lokasi',4),(23098,'ponsel,',1),(23099,'bahkan',1),(23100,'gps',1),(23101,'sedang',2),(23102,'menelepon',1),(23103,'berkirim',1),(23104,'singkat.',1),(23105,'teknik',1),(23106,'matematika',1),(23107,'canggih',1),(23108,'antar',1),(23109,'mengkorelasikan',1),(23110,'pola',1),(23111,'jutaan',1),(23112,'bersinggungan',1),(23113,'jalan',2),(23114,'mereka.',1),(23115,'penyadapan',1),(23116,'disimpan',1),(23117,'database',1),(23118,'raksasa',1),(23119,'\"ratusan',1),(23120,'perangkat\",',1),(23121,'keterangan',1),(23122,'terkait',3),(23123,'dibocorkan',1),(23124,'disebutkan',1),(23125,'menarget',1),(23126,'milik',2),(23127,'warga',2),(23128,'sendiri,',1),(23129,'perangkat-perangkat',1),(23130,'tetap',2),(23131,'terlacak',1),(23132,'\"tidak',1),(23133,'sengaja\".',1),(23134,'manajer',3),(23135,'senior',1),(23136,'namanya',1),(23137,'dirahasiakan',1),(23138,'menungkapkan',1),(23139,'berjumlah',1),(23140,'sangat',1),(23141,'kabel',1),(23142,'seluler',1),(23143,'tersebar',1),(23144,'dunia.',1),(23145,'sebelumnya,',2),(23146,'dilaporkan',1),(23147,'60',1),(23148,'spanyol',1),(23149,'35',1),(23150,'pemimpin',2),(23151,'dunia,',1),(23152,'presiden',2),(23153,'indonesia.',1),(23154,'jakarta,',3),(23155,'kompas',1),(23156,'direktur',2),(23157,'utama',1),(23158,'perusahaan',1),(23159,'listrik',2),(23160,'(persero)',1),(23161,'nur',5),(23162,'pamudji',5),(23163,'mengajukan',1),(23164,'permohonan',2),(23165,'mundur',3),(23166,'jabatannya',1),(23167,'pemeriksaan',2),(23168,'kasus',3),(23169,'dugaan',2),(23170,'korupsi',2),(23171,'penanganan',1),(23172,'kejaksaan',3),(23173,'agung.',1),(23174,'menteri',3),(23175,'dahlan',5),(23176,'iskan',2),(23177,'membenarkan',3),(23178,'ini.nur',1),(23179,'ditemui',1),(23180,'seusai',1),(23181,'menghadiri',1),(23182,'rapat',2),(23183,'kementerian',1),(23184,'energi',1),(23185,'sumber',1),(23186,'daya',1),(23187,'mineral,',1),(23188,'(6/12/2013)',1),(23189,'malam,',1),(23190,'dirinya',2),(23191,'mengundurkan',1),(23192,'digantikan',2),(23193,'dirut',2),(23194,'piawai.',1),(23195,'nur,',1),(23196,'november',1),(23197,'2013,',1),(23198,'ia',1),(23199,'mengirimkan',1),(23200,'pendek',1),(23201,'bumn',2),(23202,'iskan.',1),(23203,'\"saya',3),(23204,'melaporkan,',1),(23205,'kalau',1),(23206,'pegawai',2),(23207,'pln',8),(23208,'nyolong,',1),(23209,'terima',1),(23210,'suap,',1),(23211,'korupsi,',1),(23212,'saya',1),(23213,'sendiri',1),(23214,'memborgolnya.',1),(23215,'bekerja',2),(23216,'baik',1),(23217,'kerja',2),(23218,'tenang,\"',2),(23219,'katanya.',1),(23220,'ikhlas',1),(23221,'piawai',1),(23222,'dia.',1),(23223,'pengajuan',1),(23224,'pengunduran',3),(23225,'tiga',1),(23226,'agung',2),(23227,'pengadaan',1),(23228,'flame',1),(23229,'turbin',1),(23230,'pembangkit',4),(23231,'gas',1),(23232,'sektor',1),(23233,'belawan',1),(23234,'2007-2009',1),(23235,'senilai',1),(23236,'23,98',1),(23237,'miliar.',1),(23238,'laporkan',1),(23239,'beliau',1),(23240,'meminta',2),(23241,'masalah',2),(23242,'segera',1),(23243,'diselesaikan,\"',1),(23244,'dahlan,',2),(23245,'dikutip',1),(23246,'antara.',1),(23247,'tenang',1),(23248,'menghadapi',1),(23249,'itu.',1),(23250,'menilai',1),(23251,'jujur.',1),(23252,'menetapkan',1),(23253,'tersangka',1),(23254,'general',1),(23255,'manager',1),(23256,'pembangkitan',1),(23257,'sumatera',1),(23258,'bagian',1),(23259,'utara',1),(23260,'albert',1),(23261,'pangaribuan,',1),(23262,'bidang',1),(23263,'perencanaan',1),(23264,'silitonga,',1),(23265,'ketua',2),(23266,'panitia',2),(23267,'pemeriksa',1),(23268,'mutu',1),(23269,'barang',1),(23270,'ferdinand',1),(23271,'ritonga,',1),(23272,'produksi',1),(23273,'fahmi',1),(23274,'rizal',1),(23275,'lubis,',1),(23276,'lelang',1),(23277,'robert',1),(23278,'manyuazar.',1),(23279,'menjelaskan,',1),(23280,'persoalan',1),(23281,'muncul',1),(23282,'mengganti',1),(23283,'onderdil',2),(23284,'waktunya',1),(23285,'walaupun',1),(23286,'dibuka.',1),(23287,'\"ketika',1),(23288,'dibuka,',1),(23289,'diganti.',1),(23290,'penggantian',1),(23291,'sesuai',1),(23292,'sop',1),(23293,'ditenderkan.',1),(23294,'diganti,',1),(23295,'potensi',2),(23296,'mati',1),(23297,'tengah',4),(23298,'sehingga',2),(23299,'pemadaman',1),(23300,'listrik,\"',1),(23301,'dahlan.',1),(23302,'nilai',4),(23303,'tukar',4),(23304,'rupiah',11),(23305,'spot',1),(23306,'melemah.',1),(23307,'10.01',1),(23308,'wib,',1),(23309,'(10/12/2013),',1),(23310,'terperosok',1),(23311,'0,13',1),(23312,'11.990',1),(23313,'dollar',6),(23314,'serikat',2),(23315,'(as)',2),(23316,'mendekati',1),(23317,'12.000',1),(23318,'as.',2),(23319,'kemarin,',1),(23320,'bertengger',1),(23321,'posisi',2),(23322,'11.974',1),(23323,'as,',1),(23324,'melemah',2),(23325,'tipis',1),(23326,'0,08',1),(23327,'sehari',1),(23328,'kurs',2),(23329,'bank',3),(23330,'indonesia',2),(23331,'(bi)',2),(23332,'kemarin',1),(23333,'11.956',1),(23334,'menguat',2),(23335,'0,03',1),(23336,'rully',2),(23337,'arya',1),(23338,'wisnubroto,',1),(23339,'analis',1),(23340,'mandiri,',1),(23341,'tekanan',1),(23342,'tenaga',1),(23343,'membaik',1),(23344,'menguat.',1),(23345,'khawatir,',1),(23346,'membaiknya',1),(23347,'mempercepat',1),(23348,'pengurangan',1),(23349,'stimulus',2),(23350,'moneter',1),(23351,'memperkirakan,',1),(23352,'bergerak',1),(23353,'stabil',2),(23354,'cenderung',1),(23355,'lemah.',1),(23356,'tunggu',1),(23357,'terhadap',2),(23358,'dewan',1),(23359,'gubernur',1),(23360,'bi,',3),(23361,'desember,',1),(23362,'perkembangan',2),(23363,'terbaru',1),(23364,'kelanjutan',1),(23365,'program',1),(23366,'menekan',1),(23367,'rupiah.',1),(23368,'(asnil',1),(23369,'bambani',1),(23370,'amri)',1),(23371,'bandung,',1),(23372,'memprediksi',1),(23373,'mata',2),(23374,'pemilu',4),(23375,'nanti.',1),(23376,'adanya',1),(23377,'pergantian',1),(23378,'baru,',1),(23379,'sentimen',1),(23380,'positif',1),(23381,'uang.',1),(23382,'\"kalau',1),(23383,'kita',2),(23384,'perbaikan',1),(23385,'baik,\"',1),(23386,'eksekutif',1),(23387,'department',1),(23388,'difi',3),(23389,'johansyah',2),(23390,'pelatihan',1),(23391,'perbankan',1),(23392,'sabtu',1),(23393,'(7/12/2013).',1),(23394,'menjelaskan',1),(23395,'penguatan',1),(23396,'politik',1),(23397,'diadakan.',1),(23398,'disusul',1),(23399,'pertumbuhan',1),(23400,'meningkat',1),(23401,'mendatang.',1),(23402,'\"setiap',1),(23403,'menjelang',1),(23404,'pemilihan',1),(23405,'umum',1),(23406,'(pemilu),',1),(23407,'menguat,\"',1),(23408,'jelas',1),(23409,'kondisi',1),(23410,'memanas',1),(23411,'politik,',1),(23412,'dampak',1),(23413,'nasional',1),(23414,'bergejolak.',1),(23415,'namun',1),(23416,'pihak',1),(23417,'bi',1),(23418,'terus',1),(23419,'trend',1),(23420,'selesai.',1),(23421,'politik.',1),(23422,'dilihat',1),(23423,'faktor',1),(23424,'internal',1),(23425,'eksternal.',1),(23426,'(adiatmaputra',1),(23427,'fajar',1),(23428,'pratama)',1);

/*Table structure for table `user` */

DROP TABLE IF EXISTS `user`;

CREATE TABLE `user` (
  `id` int(11) NOT NULL AUTO_INCREMENT,
  `name` varchar(50) DEFAULT NULL,
  `user_name` varchar(50) DEFAULT NULL,
  `user_passwd` varchar(50) DEFAULT NULL,
  `email` varchar(50) DEFAULT NULL,
  `register_date` datetime DEFAULT NULL,
  `register_by` int(11) DEFAULT NULL,
  `user_level_id` int(11) DEFAULT NULL,
  `last_login_date` datetime DEFAULT NULL,
  `last_ip_address` varchar(255) DEFAULT NULL,
  PRIMARY KEY (`id`),
  KEY `FK_user` (`user_level_id`),
  CONSTRAINT `FK_user` FOREIGN KEY (`user_level_id`) REFERENCES `user_level` (`id`) ON DELETE CASCADE ON UPDATE CASCADE
) ENGINE=InnoDB AUTO_INCREMENT=235 DEFAULT CHARSET=latin1;

/*Data for the table `user` */

insert  into `user`(`id`,`name`,`user_name`,`user_passwd`,`email`,`register_date`,`register_by`,`user_level_id`,`last_login_date`,`last_ip_address`) values (234,'Administrator','admin123','0192023a7bbd73250516f069df18b500','admin@tki.tugas.local',NULL,NULL,2,'2015-02-23 10:54:05','::1');

/*Table structure for table `user_level` */

DROP TABLE IF EXISTS `user_level`;

CREATE TABLE `user_level` (
  `id` int(11) NOT NULL AUTO_INCREMENT,
  `name` varchar(50) DEFAULT NULL,
  `description` varchar(50) DEFAULT NULL,
  `p_id` int(11) DEFAULT '0',
  PRIMARY KEY (`id`)
) ENGINE=InnoDB AUTO_INCREMENT=31 DEFAULT CHARSET=latin1;

/*Data for the table `user_level` */

insert  into `user_level`(`id`,`name`,`description`,`p_id`) values (2,'Administrator','Administrator',0),(16,'Staff','General Staff',0),(25,'Sub Staff 2','Sub Staff 2',16),(26,'Sub Sub Staff 1','Sub Sub Staff 1',28),(28,'Sub Staff 1','Sub Staff 1',16),(30,'Other staff','Other staff',0);

/*!40101 SET SQL_MODE=@OLD_SQL_MODE */;
/*!40014 SET FOREIGN_KEY_CHECKS=@OLD_FOREIGN_KEY_CHECKS */;
/*!40014 SET UNIQUE_CHECKS=@OLD_UNIQUE_CHECKS */;
/*!40111 SET SQL_NOTES=@OLD_SQL_NOTES */;
